,DISTRICT_CODE,SCHOOL_CODE,SCH_RAT,DIST_RAT,DS_CODE
0,10,50,13:1,13:1,10-50
1,10,60,14:1,13:1,10-60
2,110,10,12:1,11:1,110-10
3,110,30,10:1,11:1,110-30
4,110,50,11:1,11:1,110-50
5,110,60,11:1,11:1,110-60
6,110,70,11:1,11:1,110-70
7,110,80,10:1,11:1,110-80
8,110,100,10:1,11:1,110-100
9,110,120,11:1,11:1,110-120
10,110,130,5:1,11:1,110-130
11,110,140,10:1,11:1,110-140
12,110,300,9:1,11:1,110-300
13,120,10,12:1,12:1,120-10
14,120,300,9:1,12:1,120-300
15,125,30,6:1,6:1,125-30
16,125,60,6:1,6:1,125-60
17,570,10,9:1,8:1,570-10
18,570,30,7:1,8:1,570-30
19,590,25,11:1,12:1,590-25
20,590,30,10:1,12:1,590-30
21,590,45,8:1,12:1,590-45
22,590,55,16:1,12:1,590-55
23,590,300,14:1,12:1,590-300
24,1300,20,12:1,11:1,1300-20
25,1300,30,10:1,11:1,1300-30
26,1310,5,12:1,12:1,1310-5
27,1310,33,15:1,12:1,1310-33
28,1310,35,17:1,12:1,1310-35
29,1310,38,11:1,12:1,1310-38
30,1310,39,12:1,12:1,1310-39
31,1310,45,12:1,12:1,1310-45
32,1310,50,12:1,12:1,1310-50
33,1410,50,11:1,11:1,1410-50
34,1540,50,10:1,10:1,1540-50
35,1690,15,10:1,11:1,1690-15
36,1690,16,12:1,11:1,1690-16
37,1690,40,11:1,11:1,1690-40
38,1690,45,10:1,11:1,1690-45
39,1690,46,10:1,11:1,1690-46
40,1690,48,12:1,11:1,1690-48
41,1790,40,11:1,11:1,1790-40
42,1790,50,11:1,11:1,1790-50
43,1790,60,12:1,11:1,1790-60
44,1940,55,12:1,12:1,1940-55
45,1940,60,14:1,12:1,1940-60
46,1940,120,12:1,12:1,1940-120
47,1960,30,11:1,14:1,1960-30
48,1960,50,14:1,14:1,1960-50
49,1960,55,14:1,14:1,1960-55
50,1960,60,14:1,14:1,1960-60
51,2680,20,11:1,11:1,2680-20
52,2680,50,11:1,11:1,2680-50
53,2910,50,11:1,11:1,2910-50
54,3020,10,7:1,7:1,3020-10
55,3020,25,7:1,7:1,3020-25
56,3480,20,13:1,13:1,3480-20
57,3480,25,11:1,13:1,3480-25
58,3720,56,9:1,10:1,3720-56
59,3720,57,10:1,10:1,3720-57
60,4180,50,10:1,11:1,4180-50
61,4180,55,10:1,11:1,4180-55
62,4180,60,11:1,11:1,4180-60
63,4180,80,13:1,11:1,4180-80
64,4180,85,11:1,11:1,4180-85
65,4180,95,11:1,11:1,4180-95
66,4180,100,3:1,11:1,4180-100
67,4240,50,8:1,8:1,4240-50
68,4800,50,9:1,9:1,4800-50
69,4800,55,8:1,9:1,4800-55
70,4800,60,10:1,9:1,4800-60
71,5350,40,9:1,10:1,5350-40
72,5350,45,10:1,10:1,5350-45
73,5760,20,8:1,8:1,5760-20
74,40,10,11:1,12:1,40-10
75,40,20,14:1,12:1,40-20
76,80,10,6:1,6:1,80-10
77,285,2,6:1,3:1,285-2
78,285,30,6:1,3:1,285-30
79,285,40,11:1,3:1,285-40
80,285,50,4:1,3:1,285-50
81,285,70,5:1,3:1,285-70
82,285,100,3:1,3:1,285-100
83,290,20,11:1,10:1,290-20
84,290,30,6:1,10:1,290-30
85,290,70,10:1,10:1,290-70
86,290,75,7:1,10:1,290-75
87,290,300,17:1,10:1,290-300
88,300,20,11:1,13:1,300-20
89,300,40,13:1,13:1,300-40
90,300,50,10:1,13:1,300-50
91,300,60,11:1,13:1,300-60
92,300,70,13:1,13:1,300-70
93,300,75,13:1,13:1,300-75
94,300,80,12:1,13:1,300-80
95,440,20,13:1,12:1,440-20
96,440,30,10:1,12:1,440-30
97,440,50,11:1,12:1,440-50
98,740,50,12:1,12:1,740-50
99,745,50,11:1,11:1,745-50
100,890,30,13:1,13:1,890-30
101,890,50,12:1,13:1,890-50
102,890,60,12:1,13:1,890-60
103,890,70,11:1,13:1,890-70
104,890,80,11:1,13:1,890-80
105,930,50,12:1,12:1,930-50
106,930,60,12:1,12:1,930-60
107,990,40,9:1,13:1,990-40
108,990,45,15:1,13:1,990-45
109,990,50,14:1,13:1,990-50
110,990,60,14:1,13:1,990-60
111,1070,30,8:1,9:1,1070-30
112,1070,40,9:1,9:1,1070-40
113,1070,50,8:1,9:1,1070-50
114,1130,40,12:1,12:1,1130-40
115,1130,50,12:1,12:1,1130-50
116,1130,60,11:1,12:1,1130-60
117,1130,70,11:1,12:1,1130-70
118,1130,80,12:1,12:1,1130-80
119,1230,40,9:1,11:1,1230-40
120,1230,80,13:1,11:1,1230-80
121,1270,50,12:1,14:1,1270-50
122,1270,300,14:1,14:1,1270-300
123,1345,50,14:1,14:1,1345-50
124,1345,60,14:1,14:1,1345-60
125,1345,70,12:1,14:1,1345-70
126,1345,80,19:1,14:1,1345-80
127,1345,90,12:1,14:1,1345-90
128,1360,50,8:1,10:1,1360-50
129,1360,60,11:1,10:1,1360-60
130,1360,70,11:1,10:1,1360-70
131,1370,40,12:1,11:1,1370-40
132,1370,60,10:1,11:1,1370-60
133,1370,70,8:1,11:1,1370-70
134,1370,76,9:1,11:1,1370-76
135,1370,86,13:1,11:1,1370-86
136,1380,40,7:1,8:1,1380-40
137,1380,60,7:1,8:1,1380-60
138,1450,50,12:1,12:1,1450-50
139,1450,60,11:1,12:1,1450-60
140,1450,70,9:1,12:1,1450-70
141,1450,80,12:1,12:1,1450-80
142,1450,85,9:1,12:1,1450-85
143,1450,100,10:1,12:1,1450-100
144,1450,110,12:1,12:1,1450-110
145,1450,140,12:1,12:1,1450-140
146,1450,160,8:1,12:1,1450-160
147,1470,60,13:1,16:1,1470-60
148,1470,65,18:1,16:1,1470-65
149,1470,80,23:1,16:1,1470-80
150,1550,50,12:1,13:1,1550-50
151,1550,60,13:1,13:1,1550-60
152,1550,70,10:1,13:1,1550-70
153,1550,80,13:1,13:1,1550-80
154,1550,90,13:1,13:1,1550-90
155,1550,100,12:1,13:1,1550-100
156,1580,15,8:1,8:1,1580-15
157,1580,20,8:1,8:1,1580-20
158,1580,30,9:1,8:1,1580-30
159,1580,40,7:1,8:1,1580-40
160,1700,40,11:1,11:1,1700-40
161,1700,50,11:1,11:1,1700-50
162,1700,60,12:1,11:1,1700-60
163,1700,70,11:1,11:1,1700-70
164,1700,80,11:1,11:1,1700-80
165,1700,86,13:1,11:1,1700-86
166,1700,100,12:1,11:1,1700-100
167,1700,120,11:1,11:1,1700-120
168,1700,130,12:1,11:1,1700-130
169,1700,205,9:1,11:1,1700-205
170,1700,301,3:1,11:1,1700-301
171,1700,302,11:1,11:1,1700-302
172,1760,50,10:1,12:1,1760-50
173,1760,60,10:1,12:1,1760-60
174,1760,65,14:1,12:1,1760-65
175,1760,70,14:1,12:1,1760-70
176,1760,80,14:1,12:1,1760-80
177,1760,90,15:1,12:1,1760-90
178,1860,50,14:1,14:1,1860-50
179,1860,90,13:1,14:1,1860-90
180,1860,100,16:1,14:1,1860-100
181,1860,110,14:1,14:1,1860-110
182,1860,120,14:1,14:1,1860-120
183,1860,300,12:1,14:1,1860-300
184,2050,50,12:1,12:1,2050-50
185,2080,50,11:1,13:1,2080-50
186,2080,55,10:1,13:1,2080-55
187,2080,60,11:1,13:1,2080-60
188,2080,80,12:1,13:1,2080-80
189,2090,50,10:1,10:1,2090-50
190,2180,10,9:1,10:1,2180-10
191,2180,20,9:1,10:1,2180-20
192,2180,30,9:1,10:1,2180-30
193,2200,50,12:1,12:1,2200-50
194,2620,50,10:1,11:1,2620-50
195,2620,55,11:1,11:1,2620-55
196,2620,60,10:1,11:1,2620-60
197,2710,30,7:1,12:1,2710-30
198,2710,50,27:1,12:1,2710-50
199,2740,50,13:1,13:1,2740-50
200,2740,60,15:1,13:1,2740-60
201,2740,65,14:1,13:1,2740-65
202,2740,67,13:1,13:1,2740-67
203,2740,80,16:1,13:1,2740-80
204,2740,90,15:1,13:1,2740-90
205,2740,100,15:1,13:1,2740-100
206,2860,50,10:1,12:1,2860-50
207,2860,60,17:1,12:1,2860-60
208,2860,70,17:1,12:1,2860-70
209,2860,80,12:1,12:1,2860-80
210,2860,90,12:1,12:1,2860-90
211,2860,110,14:1,12:1,2860-110
212,2860,120,12:1,12:1,2860-120
213,2860,300,10:1,12:1,2860-300
214,2900,50,9:1,10:1,2900-50
215,2900,60,11:1,10:1,2900-60
216,2900,65,12:1,10:1,2900-65
217,2900,75,10:1,10:1,2900-75
218,2900,76,11:1,10:1,2900-76
219,2900,80,10:1,10:1,2900-80
220,3060,60,13:1,13:1,3060-60
221,3060,70,13:1,13:1,3060-70
222,3170,50,9:1,9:1,3170-50
223,3170,70,7:1,9:1,3170-70
224,3170,300,11:1,9:1,3170-300
225,3330,20,10:1,11:1,3330-20
226,3330,30,13:1,11:1,3330-30
227,3350,60,11:1,11:1,3350-60
228,3550,50,12:1,12:1,3550-50
229,3550,60,14:1,12:1,3550-60
230,3550,70,14:1,12:1,3550-70
231,3550,85,13:1,12:1,3550-85
232,3600,50,11:1,13:1,3600-50
233,3600,60,15:1,13:1,3600-60
234,3600,70,17:1,13:1,3600-70
235,3600,80,14:1,13:1,3600-80
236,3600,90,13:1,13:1,3600-90
237,3700,50,12:1,12:1,3700-50
238,3710,50,11:1,10:1,3710-50
239,3710,60,11:1,10:1,3710-60
240,3710,300,5:1,10:1,3710-300
241,3730,50,11:1,11:1,3730-50
242,3740,20,12:1,12:1,3740-20
243,3760,40,9:1,10:1,3760-40
244,3760,50,11:1,10:1,3760-50
245,3760,60,9:1,10:1,3760-60
246,3760,80,10:1,10:1,3760-80
247,3850,30,9:1,10:1,3850-30
248,3850,60,10:1,10:1,3850-60
249,3870,50,12:1,12:1,3870-50
250,3910,50,12:1,12:1,3910-50
251,3910,70,12:1,12:1,3910-70
252,3910,80,12:1,12:1,3910-80
253,3930,50,11:1,11:1,3930-50
254,3930,60,9:1,11:1,3930-60
255,3930,65,12:1,11:1,3930-65
256,3930,80,12:1,11:1,3930-80
257,3930,90,10:1,11:1,3930-90
258,3930,100,10:1,11:1,3930-100
259,3930,110,12:1,11:1,3930-110
260,3930,130,10:1,11:1,3930-130
261,3940,50,9:1,10:1,3940-50
262,3940,60,10:1,10:1,3940-60
263,3940,70,14:1,10:1,3940-70
264,3960,40,11:1,11:1,3960-40
265,3960,50,12:1,11:1,3960-50
266,3960,300,12:1,11:1,3960-300
267,4300,30,10:1,10:1,4300-30
268,4300,50,10:1,10:1,4300-50
269,4310,50,9:1,11:1,4310-50
270,4310,55,10:1,11:1,4310-55
271,4310,60,10:1,11:1,4310-60
272,4310,70,11:1,11:1,4310-70
273,4310,80,11:1,11:1,4310-80
274,4370,50,10:1,10:1,4370-50
275,4370,65,8:1,10:1,4370-65
276,4370,90,11:1,10:1,4370-90
277,4370,100,11:1,10:1,4370-100
278,4380,50,14:1,14:1,4380-50
279,4380,60,12:1,14:1,4380-60
280,4380,70,13:1,14:1,4380-70
281,4380,80,15:1,14:1,4380-80
282,4380,300,17:1,14:1,4380-300
283,4390,50,13:1,13:1,4390-50
284,4390,60,13:1,13:1,4390-60
285,4390,70,12:1,13:1,4390-70
286,4390,80,7:1,13:1,4390-80
287,4390,85,14:1,13:1,4390-85
288,4390,90,13:1,13:1,4390-90
289,4390,100,14:1,13:1,4390-100
290,4390,110,13:1,13:1,4390-110
291,4390,120,12:1,13:1,4390-120
292,4390,130,13:1,13:1,4390-130
293,4405,50,12:1,12:1,4405-50
294,4405,60,12:1,12:1,4405-60
295,4410,30,11:1,12:1,4410-30
296,4410,50,15:1,12:1,4410-50
297,4430,50,10:1,12:1,4430-50
298,4430,60,10:1,12:1,4430-60
299,4430,70,15:1,12:1,4430-70
300,4470,50,10:1,10:1,4470-50
301,4600,50,11:1,12:1,4600-50
302,4600,70,13:1,12:1,4600-70
303,4600,80,12:1,12:1,4600-80
304,4600,100,10:1,12:1,4600-100
305,4600,110,12:1,12:1,4600-110
306,4610,50,12:1,12:1,4610-50
307,4610,80,14:1,12:1,4610-80
308,4610,85,12:1,12:1,4610-85
309,4610,90,11:1,12:1,4610-90
310,4610,100,8:1,12:1,4610-100
311,4620,50,8:1,8:1,4620-50
312,4845,50,5:1,6:1,4845-50
313,4845,60,7:1,6:1,4845-60
314,4845,70,6:1,6:1,4845-70
315,4870,50,12:1,12:1,4870-50
316,5150,50,10:1,10:1,5150-50
317,5150,60,10:1,10:1,5150-60
318,5150,70,9:1,10:1,5150-70
319,5150,80,12:1,10:1,5150-80
320,5150,110,10:1,10:1,5150-110
321,5150,130,11:1,10:1,5150-130
322,5150,150,10:1,10:1,5150-150
323,5160,50,11:1,12:1,5160-50
324,5160,70,11:1,12:1,5160-70
325,5160,80,11:1,12:1,5160-80
326,5160,90,11:1,12:1,5160-90
327,5160,95,11:1,12:1,5160-95
328,5160,100,11:1,12:1,5160-100
329,5330,50,11:1,11:1,5330-50
330,5330,60,11:1,11:1,5330-60
331,5330,70,9:1,11:1,5330-70
332,5410,30,9:1,10:1,5410-30
333,5410,40,11:1,10:1,5410-40
334,5410,50,11:1,10:1,5410-50
335,5410,70,9:1,10:1,5410-70
336,5430,50,13:1,13:1,5430-50
337,5430,55,13:1,13:1,5430-55
338,5430,60,10:1,13:1,5430-60
339,5755,50,11:1,11:1,5755-50
340,5755,60,11:1,11:1,5755-60
341,5755,62,10:1,11:1,5755-62
342,5755,65,11:1,11:1,5755-65
343,5755,70,12:1,11:1,5755-70
344,5755,80,13:1,11:1,5755-80
345,5830,50,13:1,13:1,5830-50
346,5830,60,10:1,13:1,5830-60
347,5830,300,23:1,13:1,5830-300
348,5880,30,9:1,9:1,5880-30
349,5880,50,8:1,9:1,5880-50
350,5920,10,13:1,11:1,5920-10
351,5920,20,12:1,11:1,5920-20
352,5920,25,11:1,11:1,5920-25
353,5920,30,12:1,11:1,5920-30
354,5920,50,11:1,11:1,5920-50
355,200,50,7:1,7:1,200-50
356,380,25,11:1,11:1,380-25
357,475,50,13:1,13:1,475-50
358,475,55,15:1,13:1,475-55
359,475,60,12:1,13:1,475-60
360,475,90,14:1,13:1,475-90
361,475,100,12:1,13:1,475-100
362,600,20,8:1,9:1,600-20
363,600,40,12:1,9:1,600-40
364,600,50,8:1,9:1,600-50
365,600,80,8:1,9:1,600-80
366,600,85,10:1,9:1,600-85
367,605,11,10:1,4:1,605-11
368,605,30,4:1,4:1,605-30
369,605,55,2:1,4:1,605-55
370,610,30,14:1,13:1,610-30
371,610,40,12:1,13:1,610-40
372,620,10,11:1,12:1,620-10
373,620,30,12:1,12:1,620-30
374,620,37,12:1,12:1,620-37
375,620,51,11:1,12:1,620-51
376,830,25,13:1,13:1,830-25
377,840,30,11:1,11:1,840-30
378,840,53,10:1,11:1,840-53
379,840,55,15:1,11:1,840-55
380,840,60,11:1,11:1,840-60
381,1030,30,15:1,12:1,1030-30
382,1030,60,13:1,12:1,1030-60
383,1060,5,12:1,12:1,1060-5
384,1060,7,12:1,12:1,1060-7
385,1060,15,13:1,12:1,1060-15
386,1060,50,11:1,12:1,1060-50
387,1250,60,11:1,11:1,1250-60
388,1280,50,12:1,13:1,1280-50
389,1280,70,12:1,13:1,1280-70
390,1420,30,11:1,13:1,1420-30
391,1420,40,12:1,13:1,1420-40
392,1420,55,14:1,13:1,1420-55
393,1420,57,13:1,13:1,1420-57
394,1420,58,14:1,13:1,1420-58
395,1420,60,12:1,13:1,1420-60
396,1420,65,15:1,13:1,1420-65
397,1420,70,11:1,13:1,1420-70
398,1520,50,13:1,12:1,1520-50
399,1520,55,12:1,12:1,1520-55
400,1520,70,10:1,12:1,1520-70
401,1910,50,11:1,10:1,1910-50
402,2610,40,12:1,11:1,2610-40
403,2610,50,12:1,11:1,2610-50
404,2610,60,13:1,11:1,2610-60
405,2610,70,10:1,11:1,2610-70
406,2850,10,11:1,12:1,2850-10
407,2850,20,9:1,12:1,2850-20
408,2850,50,11:1,12:1,2850-50
409,2850,60,11:1,12:1,2850-60
410,2960,30,8:1,10:1,2960-30
411,2960,40,11:1,10:1,2960-40
412,3010,30,12:1,12:1,3010-30
413,3010,80,11:1,12:1,3010-80
414,3010,90,11:1,12:1,3010-90
415,3010,100,12:1,12:1,3010-100
416,3070,40,11:1,12:1,3070-40
417,3070,50,10:1,12:1,3070-50
418,3080,30,12:1,13:1,3080-30
419,3080,40,15:1,13:1,3080-40
420,3080,45,13:1,13:1,3080-45
421,3080,50,10:1,13:1,3080-50
422,3080,55,13:1,13:1,3080-55
423,3080,60,11:1,13:1,3080-60
424,3080,70,13:1,13:1,3080-70
425,3360,40,11:1,11:1,3360-40
426,3360,60,13:1,11:1,3360-60
427,3360,100,12:1,11:1,3360-100
428,3360,110,9:1,11:1,3360-110
429,3360,115,10:1,11:1,3360-115
430,3360,120,15:1,11:1,3360-120
431,3430,40,10:1,11:1,3430-40
432,3430,50,11:1,11:1,3430-50
433,3430,60,10:1,11:1,3430-60
434,3440,10,10:1,12:1,3440-10
435,3440,45,12:1,12:1,3440-45
436,3440,47,12:1,12:1,3440-47
437,3440,50,11:1,12:1,3440-50
438,3440,55,10:1,12:1,3440-55
439,3440,60,11:1,12:1,3440-60
440,3440,65,14:1,12:1,3440-65
441,3440,75,14:1,12:1,3440-75
442,3540,50,7:1,7:1,3540-50
443,3650,20,11:1,10:1,3650-20
444,3650,30,7:1,10:1,3650-30
445,3650,36,8:1,10:1,3650-36
446,3650,40,7:1,10:1,3650-40
447,3690,50,12:1,13:1,3690-50
448,3690,60,13:1,13:1,3690-60
449,3920,50,10:1,11:1,3920-50
450,3920,60,13:1,11:1,3920-60
451,4050,50,7:1,10:1,4050-50
452,4050,55,10:1,10:1,4050-55
453,4050,85,9:1,10:1,4050-85
454,4050,90,5:1,10:1,4050-90
455,4050,110,10:1,10:1,4050-110
456,4050,130,11:1,10:1,4050-130
457,4050,135,10:1,10:1,4050-135
458,4050,140,11:1,10:1,4050-140
459,4050,300,10:1,10:1,4050-300
460,4050,301,10:1,10:1,4050-301
461,4050,302,10:1,10:1,4050-302
462,4320,50,14:1,14:1,4320-50
463,4450,50,11:1,12:1,4450-50
464,4450,60,15:1,12:1,4450-60
465,4450,70,8:1,12:1,4450-70
466,4460,50,11:1,11:1,4460-50
467,4740,50,10:1,12:1,4740-50
468,4740,55,14:1,12:1,4740-55
469,4930,50,10:1,10:1,4930-50
470,4930,60,9:1,10:1,4930-60
471,4930,70,10:1,10:1,4930-70
472,5010,50,8:1,8:1,5010-50
473,5130,40,11:1,11:1,5130-40
474,5130,60,12:1,11:1,5130-60
475,5720,20,12:1,13:1,5720-20
476,5720,50,13:1,13:1,5720-50
477,5805,53,12:1,13:1,5805-53
478,5805,57,22:1,13:1,5805-57
479,5805,64,13:1,13:1,5805-64
480,5805,65,15:1,13:1,5805-65
481,5805,80,14:1,13:1,5805-80
482,5805,90,13:1,13:1,5805-90
483,5805,120,14:1,13:1,5805-120
484,5805,300,7:1,13:1,5805-300
485,5890,30,8:1,8:1,5890-30
486,150,10,12:1,11:1,150-10
487,150,40,10:1,11:1,150-40
488,150,50,10:1,11:1,150-50
489,190,10,11:1,10:1,190-10
490,190,30,8:1,10:1,190-30
491,260,15,13:1,14:1,260-15
492,260,20,16:1,14:1,260-20
493,260,30,12:1,14:1,260-30
494,330,20,12:1,12:1,330-20
495,340,30,9:1,9:1,340-30
496,340,50,9:1,9:1,340-50
497,390,20,12:1,12:1,390-20
498,390,30,12:1,12:1,390-30
499,390,50,12:1,12:1,390-50
500,580,10,10:1,10:1,580-10
501,680,25,8:1,13:1,680-25
502,680,29,8:1,13:1,680-29
503,680,30,9:1,13:1,680-30
504,680,40,13:1,13:1,680-40
505,680,80,14:1,13:1,680-80
506,680,145,14:1,13:1,680-145
507,680,165,10:1,13:1,680-165
508,680,170,11:1,13:1,680-170
509,680,175,10:1,13:1,680-175
510,680,180,10:1,13:1,680-180
511,680,190,10:1,13:1,680-190
512,680,205,11:1,13:1,680-205
513,680,245,8:1,13:1,680-245
514,680,300,10:1,13:1,680-300
515,680,301,10:1,13:1,680-301
516,680,302,10:1,13:1,680-302
517,680,304,10:1,13:1,680-304
518,680,305,9:1,13:1,680-305
519,680,320,11:1,13:1,680-320
520,680,350,12:1,13:1,680-350
521,680,360,11:1,13:1,680-360
522,700,30,11:1,10:1,700-30
523,700,40,10:1,10:1,700-40
524,800,30,16:1,13:1,800-30
525,800,40,12:1,13:1,800-40
526,800,58,13:1,13:1,800-58
527,800,60,5:1,13:1,800-60
528,800,62,16:1,13:1,800-62
529,800,67,13:1,13:1,800-67
530,800,68,17:1,13:1,800-68
531,800,69,15:1,13:1,800-69
532,800,73,12:1,13:1,800-73
533,800,74,13:1,13:1,800-74
534,800,75,14:1,13:1,800-75
535,800,83,12:1,13:1,800-83
536,800,85,14:1,13:1,800-85
537,800,100,18:1,13:1,800-100
538,800,105,15:1,13:1,800-105
539,800,110,14:1,13:1,800-110
540,800,113,15:1,13:1,800-113
541,800,115,13:1,13:1,800-115
542,800,130,16:1,13:1,800-130
543,880,10,9:1,9:1,880-10
544,940,30,10:1,11:1,940-30
545,940,40,9:1,11:1,940-40
546,940,50,10:1,11:1,940-50
547,940,60,8:1,11:1,940-60
548,940,70,8:1,11:1,940-70
549,940,80,11:1,11:1,940-80
550,940,90,11:1,11:1,940-90
551,1255,50,14:1,14:1,1255-50
552,1720,20,10:1,10:1,1720-20
553,1770,50,9:1,11:1,1770-50
554,1770,160,12:1,11:1,1770-160
555,1770,300,12:1,11:1,1770-300
556,1780,20,13:1,12:1,1780-20
557,1780,35,11:1,12:1,1780-35
558,1780,40,13:1,12:1,1780-40
559,1780,50,13:1,12:1,1780-50
560,1780,55,11:1,12:1,1780-55
561,1780,60,12:1,12:1,1780-60
562,1780,70,14:1,12:1,1780-70
563,1780,85,12:1,12:1,1780-85
564,1780,90,13:1,12:1,1780-90
565,1780,100,12:1,12:1,1780-100
566,1780,180,10:1,12:1,1780-180
567,1799,111,20:1,20:1,1799-111
568,1801,113,18:1,18:1,1801-113
569,1802,112,14:1,14:1,1802-112
570,1880,50,11:1,11:1,1880-50
571,1880,60,8:1,11:1,1880-60
572,1880,80,16:1,11:1,1880-80
573,1880,90,15:1,11:1,1880-90
574,1890,50,10:1,12:1,1890-50
575,1890,60,9:1,12:1,1890-60
576,1890,70,6:1,12:1,1890-70
577,1890,80,7:1,12:1,1890-80
578,1890,90,12:1,12:1,1890-90
579,1890,100,8:1,12:1,1890-100
580,1890,110,9:1,12:1,1890-110
581,1900,50,9:1,12:1,1900-50
582,1900,60,12:1,12:1,1900-60
583,1900,70,15:1,12:1,1900-70
584,1900,80,13:1,12:1,1900-80
585,1900,90,12:1,12:1,1900-90
586,2540,50,11:1,11:1,2540-50
587,2560,60,12:1,12:1,2560-60
588,2670,5,10:1,11:1,2670-5
589,2670,40,13:1,11:1,2670-40
590,2670,50,11:1,11:1,2670-50
591,2670,90,10:1,11:1,2670-90
592,2670,300,14:1,11:1,2670-300
593,2890,50,11:1,11:1,2890-50
594,3110,60,13:1,13:1,3110-60
595,3420,20,11:1,11:1,3420-20
596,3420,30,12:1,11:1,3420-30
597,3770,50,13:1,9:1,3770-50
598,4060,50,13:1,12:1,4060-50
599,4060,55,11:1,12:1,4060-55
600,4060,90,13:1,12:1,4060-90
601,4060,100,11:1,12:1,4060-100
602,4060,104,16:1,12:1,4060-104
603,4060,120,11:1,12:1,4060-120
604,4060,130,11:1,12:1,4060-130
605,4060,140,8:1,12:1,4060-140
606,4060,160,13:1,12:1,4060-160
607,4060,175,12:1,12:1,4060-175
608,4060,180,12:1,12:1,4060-180
609,4110,10,10:1,11:1,4110-10
610,4110,60,13:1,11:1,4110-60
611,4110,70,15:1,11:1,4110-70
612,4110,100,9:1,11:1,4110-100
613,4590,20,8:1,12:1,4590-20
614,4590,30,15:1,12:1,4590-30
615,4590,40,13:1,12:1,4590-40
616,4790,20,10:1,10:1,4790-20
617,5035,50,13:1,13:1,5035-50
618,5080,45,10:1,11:1,5080-45
619,5080,60,11:1,11:1,5080-60
620,5400,20,12:1,13:1,5400-20
621,5400,55,12:1,13:1,5400-55
622,5400,90,12:1,13:1,5400-90
623,5400,95,13:1,13:1,5400-95
624,5400,100,12:1,13:1,5400-100
625,5560,40,8:1,11:1,5560-40
626,5560,60,11:1,11:1,5560-60
627,5560,100,11:1,11:1,5560-100
628,5820,10,11:1,10:1,5820-10
629,5820,20,9:1,10:1,5820-20
630,5820,30,10:1,10:1,5820-30
631,5820,40,11:1,10:1,5820-40
632,5820,50,13:1,10:1,5820-50
633,5820,60,11:1,10:1,5820-60
634,5820,70,10:1,10:1,5820-70
635,5820,80,9:1,10:1,5820-80
636,5900,50,11:1,11:1,5900-50
637,170,10,5:1,5:1,170-10
638,710,50,7:1,7:1,710-50
639,715,20,4:1,6:1,715-20
640,715,95,6:1,6:1,715-95
641,720,30,9:1,9:1,720-30
642,1080,40,9:1,8:1,1080-40
643,1080,50,7:1,8:1,1080-50
644,2820,50,11:1,11:1,2820-50
645,2820,60,10:1,11:1,2820-60
646,2840,50,11:1,12:1,2840-50
647,2840,60,12:1,12:1,2840-60
648,2840,70,12:1,12:1,2840-70
649,2840,80,11:1,12:1,2840-80
650,3130,50,11:1,12:1,3130-50
651,3130,80,13:1,12:1,3130-80
652,3130,85,12:1,12:1,3130-85
653,3130,91,12:1,12:1,3130-91
654,3680,60,5:1,5:1,3680-60
655,3780,50,13:1,11:1,3780-50
656,3780,60,11:1,11:1,3780-60
657,3780,70,11:1,11:1,3780-70
658,5060,50,5:1,5:1,5060-50
659,5340,30,11:1,11:1,5340-30
660,5340,50,11:1,11:1,5340-50
661,5340,55,11:1,11:1,5340-55
662,5610,50,9:1,9:1,5610-50
663,5790,50,6:1,9:1,5790-50
664,5790,60,12:1,9:1,5790-60
665,5790,70,10:1,9:1,5790-70
666,5800,30,8:1,8:1,5800-30
667,5840,50,10:1,10:1,5840-50
668,540,20,12:1,13:1,540-20
669,540,30,11:1,13:1,540-30
670,540,50,13:1,13:1,540-50
671,540,55,11:1,13:1,540-55
672,540,60,13:1,13:1,540-60
673,540,100,12:1,13:1,540-100
674,540,130,12:1,13:1,540-130
675,540,150,10:1,13:1,540-150
676,950,25,12:1,12:1,950-25
677,950,50,12:1,12:1,950-50
678,995,30,12:1,12:1,995-30
679,997,30,14:1,14:1,997-30
680,1020,40,10:1,10:1,1020-40
681,1120,45,11:1,11:1,1120-45
682,1460,70,10:1,10:1,1460-70
683,1820,60,7:1,7:1,1820-60
684,2270,60,13:1,13:1,2270-60
685,2570,30,11:1,11:1,2570-30
686,3050,65,11:1,11:1,3050-65
687,3230,50,13:1,13:1,3230-50
688,3230,60,13:1,13:1,3230-60
689,3230,65,13:1,13:1,3230-65
690,3230,68,14:1,13:1,3230-68
691,3230,75,14:1,13:1,3230-75
692,3230,77,13:1,13:1,3230-77
693,3230,80,13:1,13:1,3230-80
694,3230,85,12:1,13:1,3230-85
695,3230,100,12:1,13:1,3230-100
696,5070,50,8:1,8:1,5070-50
697,5300,50,9:1,11:1,5300-50
698,5300,60,8:1,11:1,5300-60
699,5300,70,11:1,11:1,5300-70
700,5390,50,13:1,14:1,5390-50
701,5390,60,12:1,14:1,5390-60
702,5390,65,13:1,14:1,5390-65
703,5390,75,13:1,14:1,5390-75
704,5390,95,10:1,14:1,5390-95
705,5390,115,12:1,14:1,5390-115
706,5390,120,13:1,14:1,5390-120
707,5390,135,13:1,14:1,5390-135
708,5390,160,11:1,14:1,5390-160
709,5390,176,8:1,14:1,5390-176
710,5390,230,13:1,14:1,5390-230
711,5390,260,13:1,14:1,5390-260
712,5390,270,13:1,14:1,5390-270
713,5390,280,15:1,14:1,5390-280
714,250,20,12:1,14:1,250-20
715,250,25,14:1,14:1,250-25
716,250,50,16:1,14:1,250-50
717,250,55,14:1,14:1,250-55
718,250,60,14:1,14:1,250-60
719,250,70,14:1,14:1,250-70
720,250,80,15:1,14:1,250-80
721,250,90,19:1,14:1,250-90
722,250,100,21:1,14:1,250-100
723,410,20,12:1,12:1,410-20
724,410,30,11:1,12:1,410-30
725,410,50,12:1,12:1,410-50
726,410,60,11:1,12:1,410-60
727,410,80,10:1,12:1,410-80
728,410,100,12:1,12:1,410-100
729,410,110,14:1,12:1,410-110
730,410,120,16:1,12:1,410-120
731,410,130,10:1,12:1,410-130
732,410,140,11:1,12:1,410-140
733,410,150,9:1,12:1,410-150
734,660,50,11:1,12:1,660-50
735,660,60,11:1,12:1,660-60
736,660,70,14:1,12:1,660-70
737,660,80,15:1,12:1,660-80
738,660,110,14:1,12:1,660-110
739,660,120,12:1,12:1,660-120
740,660,300,12:1,12:1,660-300
741,760,50,12:1,10:1,760-50
742,760,58,10:1,10:1,760-58
743,760,60,8:1,10:1,760-60
744,760,90,12:1,10:1,760-90
745,1210,30,12:1,12:1,1210-30
746,1210,35,12:1,12:1,1210-35
747,1210,50,13:1,12:1,1210-50
748,1210,60,11:1,12:1,1210-60
749,1210,70,11:1,12:1,1210-70
750,1210,80,12:1,12:1,1210-80
751,1210,90,10:1,12:1,1210-90
752,1210,93,13:1,12:1,1210-93
753,1210,95,10:1,12:1,1210-95
754,1210,100,13:1,12:1,1210-100
755,1210,107,11:1,12:1,1210-107
756,1210,110,13:1,12:1,1210-110
757,1210,120,11:1,12:1,1210-120
758,1210,130,11:1,12:1,1210-130
759,1210,135,11:1,12:1,1210-135
760,1210,140,11:1,12:1,1210-140
761,1210,150,9:1,12:1,1210-150
762,1210,170,12:1,12:1,1210-170
763,1210,190,11:1,12:1,1210-190
764,1210,210,13:1,12:1,1210-210
765,1387,20,4:1,1:1,1387-20
766,1387,30,6:1,1:1,1387-30
767,1387,40,3:1,1:1,1387-40
768,1390,20,13:1,12:1,1390-20
769,1390,50,12:1,12:1,1390-50
770,1390,70,14:1,12:1,1390-70
771,1390,80,10:1,12:1,1390-80
772,1400,50,7:1,7:1,1400-50
773,1465,5,13:1,10:1,1465-5
774,1465,30,10:1,10:1,1465-30
775,1750,50,11:1,13:1,1750-50
776,1750,70,13:1,13:1,1750-70
777,1750,75,13:1,13:1,1750-75
778,1750,80,14:1,13:1,1750-80
779,2330,50,13:1,15:1,2330-50
780,2330,71,13:1,15:1,2330-71
781,2330,80,15:1,15:1,2330-80
782,2330,90,16:1,15:1,2330-90
783,2330,100,18:1,15:1,2330-100
784,2330,110,14:1,15:1,2330-110
785,2330,120,14:1,15:1,2330-120
786,2330,125,11:1,15:1,2330-125
787,2330,131,15:1,15:1,2330-131
788,2330,135,13:1,15:1,2330-135
789,2330,136,13:1,15:1,2330-136
790,2330,140,12:1,15:1,2330-140
791,2730,50,11:1,12:1,2730-50
792,2730,55,12:1,12:1,2730-55
793,2730,60,11:1,12:1,2730-60
794,2730,70,13:1,12:1,2730-70
795,2730,80,12:1,12:1,2730-80
796,2730,90,13:1,12:1,2730-90
797,2730,100,16:1,12:1,2730-100
798,2730,110,16:1,12:1,2730-110
799,2730,118,15:1,12:1,2730-118
800,3190,50,11:1,12:1,3190-50
801,3190,60,10:1,12:1,3190-60
802,3190,65,12:1,12:1,3190-65
803,3190,70,11:1,12:1,3190-70
804,3190,80,12:1,12:1,3190-80
805,3190,100,11:1,12:1,3190-100
806,3190,120,13:1,12:1,3190-120
807,3190,300,13:1,12:1,3190-300
808,3310,50,13:1,12:1,3310-50
809,3310,60,11:1,12:1,3310-60
810,3310,100,12:1,12:1,3310-100
811,3310,110,11:1,12:1,3310-110
812,3310,116,10:1,12:1,3310-116
813,3310,123,12:1,12:1,3310-123
814,3310,127,10:1,12:1,3310-127
815,3310,130,11:1,12:1,3310-130
816,3310,140,13:1,12:1,3310-140
817,3310,165,9:1,12:1,3310-165
818,3310,170,13:1,12:1,3310-170
819,3570,2,13:1,15:1,3570-2
820,3570,3,13:1,15:1,3570-3
821,3570,4,7:1,15:1,3570-4
822,3570,10,12:1,15:1,3570-10
823,3570,20,14:1,15:1,3570-20
824,3570,30,10:1,15:1,3570-30
825,3570,40,14:1,15:1,3570-40
826,3570,50,13:1,15:1,3570-50
827,3570,55,13:1,15:1,3570-55
828,3570,56,12:1,15:1,3570-56
829,3570,57,13:1,15:1,3570-57
830,3570,70,12:1,15:1,3570-70
831,3570,80,12:1,15:1,3570-80
832,3570,87,13:1,15:1,3570-87
833,3570,170,17:1,15:1,3570-170
834,3570,200,15:1,15:1,3570-200
835,3570,220,15:1,15:1,3570-220
836,3570,225,14:1,15:1,3570-225
837,3570,270,12:1,15:1,3570-270
838,3570,290,8:1,15:1,3570-290
839,3570,301,16:1,15:1,3570-301
840,3570,302,1:1,15:1,3570-302
841,3570,304,14:1,15:1,3570-304
842,3570,306,14:1,15:1,3570-306
843,3570,307,9:1,15:1,3570-307
844,3570,308,12:1,15:1,3570-308
845,3570,310,12:1,15:1,3570-310
846,3570,312,18:1,15:1,3570-312
847,3570,314,18:1,15:1,3570-314
848,3570,316,18:1,15:1,3570-316
849,3570,317,10:1,15:1,3570-317
850,3570,330,13:1,15:1,3570-330
851,3570,350,14:1,15:1,3570-350
852,3570,370,13:1,15:1,3570-370
853,3570,390,16:1,15:1,3570-390
854,3570,410,16:1,15:1,3570-410
855,3570,415,16:1,15:1,3570-415
856,3570,420,4:1,15:1,3570-420
857,3570,430,12:1,15:1,3570-430
858,3570,435,15:1,15:1,3570-435
859,3570,440,15:1,15:1,3570-440
860,3570,455,15:1,15:1,3570-455
861,3570,460,16:1,15:1,3570-460
862,3570,470,17:1,15:1,3570-470
863,3570,477,1:1,15:1,3570-477
864,3570,480,15:1,15:1,3570-480
865,3570,490,16:1,15:1,3570-490
866,3570,495,13:1,15:1,3570-495
867,3570,520,13:1,15:1,3570-520
868,3570,565,13:1,15:1,3570-565
869,3570,570,15:1,15:1,3570-570
870,3570,575,14:1,15:1,3570-575
871,3570,581,16:1,15:1,3570-581
872,3570,590,15:1,15:1,3570-590
873,3570,605,13:1,15:1,3570-605
874,3570,610,17:1,15:1,3570-610
875,3570,615,11:1,15:1,3570-615
876,3570,640,13:1,15:1,3570-640
877,3570,670,16:1,15:1,3570-670
878,3570,690,16:1,15:1,3570-690
879,3570,710,15:1,15:1,3570-710
880,3570,715,13:1,15:1,3570-715
881,3570,750,16:1,15:1,3570-750
882,3630,50,9:1,10:1,3630-50
883,3630,60,10:1,10:1,3630-60
884,3750,50,12:1,12:1,3750-50
885,3750,60,12:1,12:1,3750-60
886,3750,70,10:1,12:1,3750-70
887,3750,80,11:1,12:1,3750-80
888,3750,90,11:1,12:1,3750-90
889,3750,100,12:1,12:1,3750-100
890,3750,110,12:1,12:1,3750-110
891,3880,50,10:1,12:1,3880-50
892,3880,70,10:1,12:1,3880-70
893,3880,80,11:1,12:1,3880-80
894,3880,90,10:1,12:1,3880-90
895,3880,100,13:1,12:1,3880-100
896,3880,105,13:1,12:1,3880-105
897,3880,110,9:1,12:1,3880-110
898,3880,115,10:1,12:1,3880-115
899,3880,120,10:1,12:1,3880-120
900,3880,300,10:1,12:1,3880-300
901,3880,301,3:1,12:1,3880-301
902,4530,20,12:1,12:1,4530-20
903,4900,30,14:1,12:1,4900-30
904,4900,40,11:1,12:1,4900-40
905,4900,50,11:1,12:1,4900-50
906,4900,60,12:1,12:1,4900-60
907,4900,90,11:1,12:1,4900-90
908,4900,100,12:1,12:1,4900-100
909,4900,130,11:1,12:1,4900-130
910,4900,140,12:1,12:1,4900-140
911,4900,150,12:1,12:1,4900-150
912,4900,300,12:1,12:1,4900-300
913,5370,50,13:1,12:1,5370-50
914,5370,70,10:1,12:1,5370-70
915,5370,80,10:1,12:1,5370-80
916,5370,90,13:1,12:1,5370-90
917,5370,95,11:1,12:1,5370-95
918,5370,100,12:1,12:1,5370-100
919,5630,50,10:1,10:1,5630-50
920,5630,70,10:1,10:1,5630-70
921,5680,50,11:1,11:1,5680-50
922,5680,70,10:1,11:1,5680-70
923,5680,90,9:1,11:1,5680-90
924,5680,120,10:1,11:1,5680-120
925,5680,130,9:1,11:1,5680-130
926,5680,135,10:1,11:1,5680-135
927,5680,140,9:1,11:1,5680-140
928,5680,150,9:1,11:1,5680-150
929,5680,160,10:1,11:1,5680-160
930,5680,170,10:1,11:1,5680-170
931,5680,180,10:1,11:1,5680-180
932,5680,300,8:1,11:1,5680-300
933,860,30,9:1,12:1,860-30
934,860,40,12:1,12:1,860-40
935,860,45,20:1,12:1,860-45
936,870,20,13:1,13:1,870-20
937,870,30,12:1,13:1,870-30
938,1100,30,15:1,13:1,1100-30
939,1100,40,13:1,13:1,1100-40
940,1100,45,12:1,13:1,1100-45
941,1100,90,9:1,13:1,1100-90
942,1100,105,11:1,13:1,1100-105
943,1100,110,5:1,13:1,1100-110
944,1100,120,10:1,13:1,1100-120
945,1100,130,13:1,13:1,1100-130
946,1100,140,10:1,13:1,1100-140
947,1180,20,12:1,12:1,1180-20
948,1180,45,12:1,12:1,1180-45
949,1330,10,11:1,11:1,1330-10
950,1590,70,11:1,11:1,1590-70
951,1590,80,13:1,11:1,1590-80
952,1590,95,10:1,11:1,1590-95
953,1715,50,10:1,10:1,1715-50
954,1730,50,9:1,11:1,1730-50
955,1730,65,12:1,11:1,1730-65
956,1730,78,9:1,11:1,1730-78
957,1730,80,13:1,11:1,1730-80
958,1730,90,11:1,11:1,1730-90
959,1774,15,6:1,6:1,1774-15
960,1775,10,15:1,15:1,1775-10
961,1830,50,10:1,9:1,1830-50
962,1830,60,8:1,9:1,1830-60
963,2070,50,12:1,12:1,2070-50
964,2070,80,12:1,12:1,2070-80
965,2440,50,14:1,15:1,2440-50
966,2440,60,15:1,15:1,2440-60
967,2750,25,9:1,9:1,2750-25
968,2750,40,7:1,9:1,2750-40
969,2750,300,7:1,9:1,2750-300
970,2990,30,12:1,11:1,2990-30
971,2990,40,10:1,11:1,2990-40
972,2990,50,15:1,11:1,2990-50
973,3280,50,15:1,13:1,3280-50
974,3280,75,11:1,13:1,3280-75
975,3280,90,13:1,13:1,3280-90
976,3280,95,14:1,13:1,3280-95
977,3280,100,12:1,13:1,3280-100
978,3280,110,13:1,13:1,3280-110
979,3490,50,10:1,10:1,3490-50
980,4020,50,7:1,10:1,4020-50
981,4020,60,10:1,10:1,4020-60
982,4020,70,11:1,10:1,4020-70
983,4020,300,7:1,10:1,4020-300
984,4140,50,10:1,9:1,4140-50
985,4140,60,8:1,9:1,4140-60
986,4140,65,7:1,9:1,4140-65
987,4140,75,9:1,9:1,4140-75
988,4140,80,9:1,9:1,4140-80
989,4880,50,11:1,11:1,4880-50
990,4940,50,16:1,13:1,4940-50
991,4940,60,9:1,13:1,4940-60
992,5120,50,12:1,12:1,5120-50
993,5120,60,11:1,12:1,5120-60
994,5120,70,11:1,12:1,5120-70
995,5120,80,11:1,12:1,5120-80
996,5500,10,12:1,11:1,5500-10
997,5500,20,10:1,11:1,5500-20
998,5500,25,9:1,11:1,5500-25
999,5500,26,10:1,11:1,5500-26
1000,5500,27,9:1,11:1,5500-27
1001,5500,28,9:1,11:1,5500-28
1002,5500,30,12:1,11:1,5500-30
1003,5500,40,10:1,11:1,5500-40
1004,5500,50,9:1,11:1,5500-50
1005,5500,60,10:1,11:1,5500-60
1006,5500,70,10:1,11:1,5500-70
1007,5590,50,9:1,9:1,5590-50
1008,5620,50,12:1,13:1,5620-50
1009,5620,70,13:1,13:1,5620-70
1010,5620,100,12:1,13:1,5620-100
1011,5620,111,11:1,13:1,5620-111
1012,5620,130,13:1,13:1,5620-130
1013,5740,40,11:1,11:1,5740-40
1014,5860,50,10:1,11:1,5860-50
1015,5860,90,10:1,11:1,5860-90
1016,5860,100,6:1,11:1,5860-100
1017,5860,110,10:1,11:1,5860-110
1018,5870,50,9:1,9:1,5870-50
1019,220,10,9:1,14:1,220-10
1020,220,20,13:1,14:1,220-20
1021,220,30,13:1,14:1,220-30
1022,220,40,15:1,14:1,220-40
1023,220,50,13:1,14:1,220-50
1024,220,60,14:1,14:1,220-60
1025,220,70,12:1,14:1,220-70
1026,220,80,16:1,14:1,220-80
1027,220,85,14:1,14:1,220-85
1028,220,90,15:1,14:1,220-90
1029,220,120,13:1,14:1,220-120
1030,220,130,14:1,14:1,220-130
1031,220,140,19:1,14:1,220-140
1032,1200,50,19:1,14:1,1200-50
1033,1850,50,19:1,14:1,1850-50
1034,2060,50,12:1,14:1,2060-50
1035,2060,60,13:1,14:1,2060-60
1036,2060,61,10:1,14:1,2060-61
1037,2060,70,12:1,14:1,2060-70
1038,2210,5,9:1,13:1,2210-5
1039,2210,50,8:1,13:1,2210-50
1040,2210,63,9:1,13:1,2210-63
1041,2210,65,7:1,13:1,2210-65
1042,2210,70,8:1,13:1,2210-70
1043,2210,300,8:1,13:1,2210-300
1044,2295,30,10:1,13:1,2295-30
1045,2295,50,13:1,13:1,2295-50
1046,2295,90,12:1,13:1,2295-90
1047,2295,301,2:1,13:1,2295-301
1048,2295,304,2:1,13:1,2295-304
1049,2295,305,2:1,13:1,2295-305
1050,2390,2,9:1,12:1,2390-2
1051,2390,11,4:1,12:1,2390-11
1052,2390,50,11:1,12:1,2390-50
1053,2390,60,11:1,12:1,2390-60
1054,2390,70,8:1,12:1,2390-70
1055,2390,75,15:1,12:1,2390-75
1056,2390,80,12:1,12:1,2390-80
1057,2390,82,9:1,12:1,2390-82
1058,2390,95,15:1,12:1,2390-95
1059,2390,100,12:1,12:1,2390-100
1060,2390,105,14:1,12:1,2390-105
1061,2390,110,12:1,12:1,2390-110
1062,2390,120,12:1,12:1,2390-120
1063,2390,140,15:1,12:1,2390-140
1064,2390,150,12:1,12:1,2390-150
1065,2390,155,13:1,12:1,2390-155
1066,2390,160,8:1,12:1,2390-160
1067,2390,170,12:1,12:1,2390-170
1068,2390,190,19:1,12:1,2390-190
1069,2390,200,11:1,12:1,2390-200
1070,2390,210,11:1,12:1,2390-210
1071,2390,220,13:1,12:1,2390-220
1072,2390,230,12:1,12:1,2390-230
1073,2390,240,13:1,12:1,2390-240
1074,2390,250,12:1,12:1,2390-250
1075,2390,260,14:1,12:1,2390-260
1076,2390,270,13:1,12:1,2390-270
1077,2390,280,10:1,12:1,2390-280
1078,2390,300,13:1,12:1,2390-300
1079,2390,301,13:1,12:1,2390-301
1080,2390,302,10:1,12:1,2390-302
1081,2390,320,12:1,12:1,2390-320
1082,2390,330,10:1,12:1,2390-330
1083,2390,340,17:1,12:1,2390-340
1084,2390,345,9:1,12:1,2390-345
1085,2390,347,12:1,12:1,2390-347
1086,2390,350,13:1,12:1,2390-350
1087,2390,360,13:1,12:1,2390-360
1088,2390,370,12:1,12:1,2390-370
1089,2410,50,14:1,13:1,2410-50
1090,2410,70,11:1,13:1,2410-70
1091,2410,80,13:1,13:1,2410-80
1092,2410,90,14:1,13:1,2410-90
1093,2410,100,12:1,13:1,2410-100
1094,2410,110,13:1,13:1,2410-110
1095,2410,120,11:1,13:1,2410-120
1096,3610,50,14:1,13:1,3610-50
1097,3610,60,14:1,13:1,3610-60
1098,3610,70,14:1,13:1,3610-70
1099,3610,80,10:1,13:1,3610-80
1100,3610,90,13:1,13:1,3610-90
1101,3610,100,10:1,13:1,3610-100
1102,3610,110,12:1,13:1,3610-110
1103,4730,50,11:1,12:1,4730-50
1104,4730,65,11:1,12:1,4730-65
1105,4730,70,14:1,12:1,4730-70
1106,4730,80,10:1,12:1,4730-80
1107,5240,54,10:1,16:1,5240-54
1108,5240,55,15:1,16:1,5240-55
1109,5240,70,13:1,16:1,5240-70
1110,5240,90,14:1,16:1,5240-90
1111,5240,100,14:1,16:1,5240-100
1112,5240,105,15:1,16:1,5240-105
1113,5240,110,16:1,16:1,5240-110
1114,5240,118,15:1,16:1,5240-118
1115,5240,120,14:1,16:1,5240-120
1116,5240,130,15:1,16:1,5240-130
1117,5240,140,14:1,16:1,5240-140
1118,5240,145,7:1,16:1,5240-145
1119,5240,150,13:1,16:1,5240-150
1120,5240,300,14:1,16:1,5240-300
1121,5580,50,11:1,11:1,5580-50
1122,5580,70,11:1,11:1,5580-70
1123,5580,80,11:1,11:1,5580-80
1124,5670,50,12:1,14:1,5670-50
1125,5670,55,12:1,14:1,5670-55
1126,5670,60,13:1,14:1,5670-60
1127,5670,65,16:1,14:1,5670-65
1128,5670,70,13:1,14:1,5670-70
1129,5670,80,14:1,14:1,5670-80
1130,5670,90,15:1,14:1,5670-90
1131,5670,100,14:1,14:1,5670-100
1132,5670,110,14:1,14:1,5670-110
1133,20,5,9:1,9:1,20-5
1134,20,10,10:1,9:1,20-10
1135,370,20,11:1,8:1,370-20
1136,370,70,8:1,8:1,370-70
1137,430,20,7:1,7:1,430-20
1138,670,30,5:1,5:1,670-30
1139,910,30,10:1,10:1,910-30
1140,920,30,9:1,9:1,920-30
1141,920,35,9:1,9:1,920-35
1142,920,40,9:1,9:1,920-40
1143,920,50,8:1,9:1,920-50
1144,1040,40,9:1,9:1,1040-40
1145,1050,40,10:1,10:1,1050-40
1146,1160,50,9:1,9:1,1160-50
1147,1376,10,2:1,9:1,1376-10
1148,1376,20,7:1,9:1,1376-20
1149,1376,30,8:1,9:1,1376-30
1150,1376,50,10:1,9:1,1376-50
1151,1510,30,9:1,10:1,1510-30
1152,1510,33,8:1,10:1,1510-33
1153,1510,35,9:1,10:1,1510-35
1154,1510,40,10:1,10:1,1510-40
1155,1510,45,11:1,10:1,1510-45
1156,1510,50,8:1,10:1,1510-50
1157,1600,50,9:1,9:1,1600-50
1158,1680,50,7:1,7:1,1680-50
1159,1970,50,6:1,6:1,1970-50
1160,2140,55,8:1,9:1,2140-55
1161,2140,60,8:1,9:1,2140-60
1162,2220,60,10:1,10:1,2220-60
1163,2300,50,12:1,12:1,2300-50
1164,2305,50,4:1,3:1,2305-50
1165,2308,30,14:1,20:1,2308-30
1166,2308,50,13:1,20:1,2308-50
1167,2308,300,13:1,20:1,2308-300
1168,2450,50,9:1,9:1,2450-50
1169,2590,50,6:1,6:1,2590-50
1170,2600,50,8:1,9:1,2600-50
1171,2600,60,8:1,9:1,2600-60
1172,3180,50,5:1,5:1,3180-50
1173,3660,50,12:1,12:1,3660-50
1174,3660,60,11:1,12:1,3660-60
1175,4350,30,10:1,9:1,4350-30
1176,4350,50,8:1,9:1,4350-50
1177,4350,60,8:1,9:1,4350-60
1178,4350,70,8:1,9:1,4350-70
1179,5180,30,8:1,9:1,5180-30
1180,5180,55,9:1,9:1,5180-55
1181,5270,50,9:1,10:1,5270-50
1182,5270,60,11:1,10:1,5270-60
1183,1245,50,12:1,12:1,1245-50
1184,1245,55,11:1,12:1,1245-55
1185,1245,60,10:1,12:1,1245-60
1186,1245,70,12:1,12:1,1245-70
1187,1245,75,12:1,12:1,1245-75
1188,1245,80,10:1,12:1,1245-80
1189,1430,50,11:1,10:1,1430-50
1190,1430,60,8:1,10:1,1430-60
1191,1430,105,12:1,10:1,1430-105
1192,1430,130,10:1,10:1,1430-130
1193,1430,140,9:1,10:1,1430-140
1194,1950,50,12:1,12:1,1950-50
1195,1950,55,12:1,12:1,1950-55
1196,1950,60,12:1,12:1,1950-60
1197,1950,70,12:1,12:1,1950-70
1198,1950,80,12:1,12:1,1950-80
1199,1950,83,11:1,12:1,1950-83
1200,1950,85,11:1,12:1,1950-85
1201,1950,105,11:1,12:1,1950-105
1202,1950,110,10:1,12:1,1950-110
1203,1950,150,9:1,12:1,1950-150
1204,1950,160,10:1,12:1,1950-160
1205,1950,170,10:1,12:1,1950-170
1206,1950,180,9:1,12:1,1950-180
1207,1950,185,12:1,12:1,1950-185
1208,1950,200,12:1,12:1,1950-200
1209,1950,210,10:1,12:1,1950-210
1210,1950,220,11:1,12:1,1950-220
1211,1950,225,10:1,12:1,1950-225
1212,1950,240,11:1,12:1,1950-240
1213,1950,245,10:1,12:1,1950-245
1214,1950,250,10:1,12:1,1950-250
1215,1950,260,11:1,12:1,1950-260
1216,1950,270,10:1,12:1,1950-270
1217,2280,30,10:1,10:1,2280-30
1218,2280,35,10:1,10:1,2280-35
1219,2280,40,8:1,10:1,2280-40
1220,2280,55,10:1,10:1,2280-55
1221,2280,65,9:1,10:1,2280-65
1222,2280,75,9:1,10:1,2280-75
1223,2580,40,12:1,12:1,2580-40
1224,2580,50,12:1,12:1,2580-50
1225,2580,70,10:1,12:1,2580-70
1226,2580,80,10:1,12:1,2580-80
1227,2580,85,12:1,12:1,2580-85
1228,2580,90,12:1,12:1,2580-90
1229,2580,100,10:1,12:1,2580-100
1230,3103,5,10:1,6:1,3103-5
1231,3103,50,5:1,6:1,3103-50
1232,3103,55,5:1,6:1,3103-55
1233,3103,70,7:1,6:1,3103-70
1234,3105,30,13:1,14:1,3105-30
1235,3105,40,11:1,14:1,3105-40
1236,3105,300,4:1,14:1,3105-300
1237,3105,302,6:1,14:1,3105-302
1238,3105,304,7:1,14:1,3105-304
1239,4255,50,12:1,11:1,4255-50
1240,4255,70,10:1,11:1,4255-70
1241,4255,80,11:1,11:1,4255-80
1242,4255,85,10:1,11:1,4255-85
1243,4255,90,9:1,11:1,4255-90
1244,4255,110,11:1,11:1,4255-110
1245,5210,30,9:1,14:1,5210-30
1246,5210,50,11:1,14:1,5210-50
1247,5210,51,12:1,14:1,5210-51
1248,5210,100,13:1,14:1,5210-100
1249,5210,170,13:1,14:1,5210-170
1250,5210,190,16:1,14:1,5210-190
1251,5210,200,11:1,14:1,5210-200
1252,5210,210,15:1,14:1,5210-210
1253,5210,230,12:1,14:1,5210-230
1254,5210,235,10:1,14:1,5210-235
1255,5210,240,10:1,14:1,5210-240
1256,5210,260,15:1,14:1,5210-260
1257,5210,265,13:1,14:1,5210-265
1258,5210,270,11:1,14:1,5210-270
1259,5210,280,15:1,14:1,5210-280
1260,5210,300,16:1,14:1,5210-300
1261,5210,301,13:1,14:1,5210-301
1262,5210,310,13:1,14:1,5210-310
1263,5210,401,15:1,14:1,5210-401
1264,5510,30,14:1,13:1,5510-30
1265,5510,40,11:1,13:1,5510-40
1266,5510,50,15:1,13:1,5510-50
1267,5715,20,13:1,13:1,5715-20
1268,5715,25,11:1,13:1,5715-25
1269,5715,30,14:1,13:1,5715-30
1270,5715,35,12:1,13:1,5715-35
1271,5715,40,14:1,13:1,5715-40
1272,5715,50,11:1,13:1,5715-50
1273,5715,130,9:1,13:1,5715-130
1274,5715,140,11:1,13:1,5715-140
1275,5715,150,12:1,13:1,5715-150
1276,5715,160,12:1,13:1,5715-160
1277,750,30,12:1,13:1,750-30
1278,750,50,13:1,13:1,750-50
1279,750,55,14:1,13:1,750-55
1280,750,57,12:1,13:1,750-57
1281,750,60,10:1,13:1,750-60
1282,970,30,9:1,9:1,970-30
1283,1140,40,10:1,12:1,1140-40
1284,1140,50,12:1,12:1,1140-50
1285,1140,60,7:1,12:1,1140-60
1286,1170,50,12:1,12:1,1170-50
1287,1170,55,11:1,12:1,1170-55
1288,1170,56,10:1,12:1,1170-56
1289,1170,60,9:1,12:1,1170-60
1290,1170,70,10:1,12:1,1170-70
1291,1170,90,11:1,12:1,1170-90
1292,1170,100,10:1,12:1,1170-100
1293,1170,120,12:1,12:1,1170-120
1294,1170,125,10:1,12:1,1170-125
1295,1170,130,12:1,12:1,1170-130
1296,1170,138,11:1,12:1,1170-138
1297,1290,50,14:1,16:1,1290-50
1298,1290,53,18:1,16:1,1290-53
1299,1290,55,15:1,16:1,1290-55
1300,1290,57,11:1,16:1,1290-57
1301,1290,60,11:1,16:1,1290-60
1302,1290,63,17:1,16:1,1290-63
1303,1290,65,12:1,16:1,1290-65
1304,1290,90,20:1,16:1,1290-90
1305,1290,92,18:1,16:1,1290-92
1306,1290,93,12:1,16:1,1290-93
1307,1290,95,18:1,16:1,1290-95
1308,1290,100,22:1,16:1,1290-100
1309,1290,103,13:1,16:1,1290-103
1310,1290,104,16:1,16:1,1290-104
1311,1290,105,17:1,16:1,1290-105
1312,1290,150,13:1,16:1,1290-150
1313,1290,160,20:1,16:1,1290-160
1314,1290,300,33:1,16:1,1290-300
1315,1290,302,13:1,16:1,1290-302
1316,2150,50,11:1,11:1,2150-50
1317,2150,60,11:1,11:1,2150-60
1318,2150,70,12:1,11:1,2150-70
1319,2150,85,11:1,11:1,2150-85
1320,2370,75,11:1,13:1,2370-75
1321,2370,80,13:1,13:1,2370-80
1322,3120,50,11:1,12:1,3120-50
1323,3120,60,13:1,12:1,3120-60
1324,3120,70,11:1,12:1,3120-70
1325,3120,90,13:1,12:1,3120-90
1326,3140,50,10:1,12:1,3140-50
1327,3140,65,9:1,12:1,3140-65
1328,3140,70,10:1,12:1,3140-70
1329,3140,85,12:1,12:1,3140-85
1330,3140,90,11:1,12:1,3140-90
1331,3145,6,10:1,4:1,3145-6
1332,3145,30,6:1,4:1,3145-30
1333,3145,31,7:1,4:1,3145-31
1334,3145,80,2:1,4:1,3145-80
1335,3145,90,12:1,4:1,3145-90
1336,3145,100,6:1,4:1,3145-100
1337,3150,10,12:1,11:1,3150-10
1338,3150,40,11:1,11:1,3150-40
1339,3150,60,12:1,11:1,3150-60
1340,3150,65,9:1,11:1,3150-65
1341,3150,70,15:1,11:1,3150-70
1342,3150,300,11:1,11:1,3150-300
1343,3150,301,11:1,11:1,3150-301
1344,3220,50,11:1,11:1,3220-50
1345,3220,60,11:1,11:1,3220-60
1346,3290,5,13:1,13:1,3290-5
1347,3290,10,11:1,13:1,3290-10
1348,3290,20,12:1,13:1,3290-20
1349,3290,30,13:1,13:1,3290-30
1350,3290,40,13:1,13:1,3290-40
1351,3290,50,12:1,13:1,3290-50
1352,3290,60,14:1,13:1,3290-60
1353,3290,300,13:1,13:1,3290-300
1354,3530,50,14:1,13:1,3530-50
1355,3530,55,12:1,13:1,3530-55
1356,3530,60,14:1,13:1,3530-60
1357,3530,80,12:1,13:1,3530-80
1358,3530,90,11:1,13:1,3530-90
1359,3530,100,12:1,13:1,3530-100
1360,3530,110,10:1,13:1,3530-110
1361,3530,123,11:1,13:1,3530-123
1362,3530,125,12:1,13:1,3530-125
1363,3530,140,10:1,13:1,3530-140
1364,3530,300,12:1,13:1,3530-300
1365,3620,40,12:1,12:1,3620-40
1366,3620,55,12:1,12:1,3620-55
1367,3620,60,11:1,12:1,3620-60
1368,3620,65,12:1,12:1,3620-65
1369,3620,70,10:1,12:1,3620-70
1370,3620,90,11:1,12:1,3620-90
1371,3845,40,13:1,12:1,3845-40
1372,3845,82,8:1,12:1,3845-82
1373,3845,103,12:1,12:1,3845-103
1374,3845,105,11:1,12:1,3845-105
1375,3845,108,10:1,12:1,3845-108
1376,3845,110,11:1,12:1,3845-110
1377,3845,113,10:1,12:1,3845-113
1378,3845,120,8:1,12:1,3845-120
1379,3845,130,11:1,12:1,3845-130
1380,3845,133,11:1,12:1,3845-133
1381,3845,140,11:1,12:1,3845-140
1382,3845,150,12:1,12:1,3845-150
1383,3845,163,11:1,12:1,3845-163
1384,3845,165,10:1,12:1,3845-165
1385,3845,170,12:1,12:1,3845-170
1386,4090,50,11:1,12:1,4090-50
1387,4090,65,13:1,12:1,4090-65
1388,4090,70,11:1,12:1,4090-70
1389,4090,75,12:1,12:1,4090-75
1390,4090,80,13:1,12:1,4090-80
1391,4090,130,11:1,12:1,4090-130
1392,4090,140,13:1,12:1,4090-140
1393,4090,145,11:1,12:1,4090-145
1394,4090,150,13:1,12:1,4090-150
1395,4090,200,12:1,12:1,4090-200
1396,4090,300,16:1,12:1,4090-300
1397,4130,50,13:1,13:1,4130-50
1398,4130,53,10:1,13:1,4130-53
1399,4130,55,10:1,13:1,4130-55
1400,4130,57,10:1,13:1,4130-57
1401,4130,60,13:1,13:1,4130-60
1402,4130,65,12:1,13:1,4130-65
1403,4130,80,15:1,13:1,4130-80
1404,4130,100,13:1,13:1,4130-100
1405,4130,105,13:1,13:1,4130-105
1406,4130,120,14:1,13:1,4130-120
1407,4660,50,13:1,13:1,4660-50
1408,4660,55,12:1,13:1,4660-55
1409,4660,60,13:1,13:1,4660-60
1410,4660,70,13:1,13:1,4660-70
1411,4660,75,14:1,13:1,4660-75
1412,4660,85,13:1,13:1,4660-85
1413,4660,120,14:1,13:1,4660-120
1414,4830,30,11:1,12:1,4830-30
1415,4830,60,11:1,12:1,4830-60
1416,4860,50,15:1,14:1,4860-50
1417,4860,55,14:1,14:1,4860-55
1418,4860,60,15:1,14:1,4860-60
1419,4860,70,12:1,14:1,4860-70
1420,4860,75,13:1,14:1,4860-75
1421,4860,85,14:1,14:1,4860-85
1422,4860,95,11:1,14:1,4860-95
1423,4860,100,13:1,14:1,4860-100
1424,4860,110,12:1,14:1,4860-110
1425,4860,150,14:1,14:1,4860-150
1426,4910,50,13:1,12:1,4910-50
1427,4910,53,11:1,12:1,4910-53
1428,4910,55,9:1,12:1,4910-55
1429,4910,58,12:1,12:1,4910-58
1430,4910,60,10:1,12:1,4910-60
1431,4910,70,11:1,12:1,4910-70
1432,4910,80,11:1,12:1,4910-80
1433,4920,50,12:1,12:1,4920-50
1434,4920,55,10:1,12:1,4920-55
1435,4920,65,11:1,12:1,4920-65
1436,4920,70,13:1,12:1,4920-70
1437,4970,40,12:1,12:1,4970-40
1438,4970,50,13:1,12:1,4970-50
1439,4970,60,12:1,12:1,4970-60
1440,4970,90,12:1,12:1,4970-90
1441,5850,20,11:1,12:1,5850-20
1442,5850,40,12:1,12:1,5850-40
1443,5850,45,9:1,12:1,5850-45
1444,5850,50,11:1,12:1,5850-50
1445,5850,60,11:1,12:1,5850-60
1446,5850,70,11:1,12:1,5850-70
1447,5850,80,11:1,12:1,5850-80
1448,5850,90,10:1,12:1,5850-90
1449,5850,100,15:1,12:1,5850-100
1450,5850,110,15:1,12:1,5850-110
1451,5850,120,13:1,12:1,5850-120
1452,5850,140,14:1,12:1,5850-140
1453,5850,150,11:1,12:1,5850-150
1454,5850,160,16:1,12:1,5850-160
1455,5850,180,19:1,12:1,5850-180
1456,5850,200,15:1,12:1,5850-200
1457,5850,210,12:1,12:1,5850-210
1458,5850,220,17:1,12:1,5850-220
1459,5850,230,15:1,12:1,5850-230
1460,5850,240,18:1,12:1,5850-240
1461,5850,260,14:1,12:1,5850-260
1462,5850,275,12:1,12:1,5850-275
1463,5850,280,12:1,12:1,5850-280
1464,5850,300,12:1,12:1,5850-300
1465,5850,320,15:1,12:1,5850-320
1466,100,10,8:1,9:1,100-10
1467,100,20,10:1,9:1,100-20
1468,100,40,8:1,9:1,100-40
1469,100,70,8:1,9:1,100-70
1470,100,100,9:1,9:1,100-100
1471,130,20,10:1,10:1,130-20
1472,180,10,7:1,7:1,180-10
1473,225,30,4:1,4:1,225-30
1474,270,20,9:1,9:1,270-20
1475,500,20,9:1,9:1,500-20
1476,560,20,11:1,11:1,560-20
1477,945,30,8:1,8:1,945-30
1478,945,50,8:1,8:1,945-50
1479,945,60,9:1,8:1,945-60
1480,1000,40,9:1,9:1,1000-40
1481,1260,60,9:1,139:1,1260-60
1482,1260,70,9:1,139:1,1260-70
1483,1260,80,9:1,139:1,1260-80
1484,1260,110,9:1,139:1,1260-110
1485,1440,50,11:1,11:1,1440-50
1486,1440,60,12:1,11:1,1440-60
1487,1490,50,6:1,6:1,1490-50
1488,1640,40,10:1,13:1,1640-40
1489,1640,60,10:1,13:1,1640-60
1490,1640,70,11:1,13:1,1640-70
1491,1650,10,13:1,14:1,1650-10
1492,1650,50,12:1,14:1,1650-50
1493,1650,55,14:1,14:1,1650-55
1494,1650,60,14:1,14:1,1650-60
1495,1650,70,15:1,14:1,1650-70
1496,1650,80,14:1,14:1,1650-80
1497,1660,20,11:1,11:1,1660-20
1498,1660,21,10:1,11:1,1660-21
1499,1660,23,11:1,11:1,1660-23
1500,1660,24,11:1,11:1,1660-24
1501,1660,25,12:1,11:1,1660-25
1502,1660,26,10:1,11:1,1660-26
1503,1660,30,11:1,11:1,1660-30
1504,1660,70,17:1,11:1,1660-70
1505,2105,50,12:1,11:1,2105-50
1506,2105,60,8:1,11:1,2105-60
1507,2105,70,9:1,11:1,2105-70
1508,2105,85,9:1,11:1,2105-85
1509,2105,90,10:1,11:1,2105-90
1510,2105,95,10:1,11:1,2105-95
1511,2105,100,12:1,11:1,2105-100
1512,2105,105,10:1,11:1,2105-105
1513,2120,50,8:1,8:1,2120-50
1514,2160,50,8:1,8:1,2160-50
1515,2230,20,11:1,11:1,2230-20
1516,2230,30,10:1,11:1,2230-30
1517,2230,50,11:1,11:1,2230-50
1518,2230,80,11:1,11:1,2230-80
1519,2290,3,10:1,12:1,2290-3
1520,2290,5,11:1,12:1,2290-5
1521,2290,10,10:1,12:1,2290-10
1522,2290,12,11:1,12:1,2290-12
1523,2290,20,8:1,12:1,2290-20
1524,2290,25,11:1,12:1,2290-25
1525,2290,27,11:1,12:1,2290-27
1526,2290,30,13:1,12:1,2290-30
1527,2290,32,12:1,12:1,2290-32
1528,2290,35,10:1,12:1,2290-35
1529,2290,45,9:1,12:1,2290-45
1530,2290,60,12:1,12:1,2290-60
1531,2400,10,8:1,8:1,2400-10
1532,2400,30,7:1,8:1,2400-30
1533,2400,40,7:1,8:1,2400-40
1534,2400,50,6:1,8:1,2400-50
1535,2430,50,9:1,10:1,2430-50
1536,2430,60,11:1,10:1,2430-60
1537,2720,50,9:1,10:1,2720-50
1538,2720,60,11:1,10:1,2720-60
1539,2770,50,14:1,11:1,2770-50
1540,2770,60,12:1,11:1,2770-60
1541,2770,65,8:1,11:1,2770-65
1542,2770,80,14:1,11:1,2770-80
1543,2770,85,13:1,11:1,2770-85
1544,2770,110,10:1,11:1,2770-110
1545,2770,120,12:1,11:1,2770-120
1546,2770,300,10:1,11:1,2770-300
1547,2920,50,13:1,12:1,2920-50
1548,2920,55,12:1,12:1,2920-55
1549,2920,60,12:1,12:1,2920-60
1550,2920,63,13:1,12:1,2920-63
1551,2920,75,11:1,12:1,2920-75
1552,2920,90,12:1,12:1,2920-90
1553,2920,110,13:1,12:1,2920-110
1554,2920,120,12:1,12:1,2920-120
1555,2930,50,12:1,11:1,2930-50
1556,2930,60,9:1,11:1,2930-60
1557,3030,30,10:1,11:1,3030-30
1558,3030,40,11:1,11:1,3030-40
1559,3030,43,9:1,11:1,3030-43
1560,3030,45,12:1,11:1,3030-45
1561,3030,48,10:1,11:1,3030-48
1562,3030,50,10:1,11:1,3030-50
1563,3030,60,10:1,11:1,3030-60
1564,3030,70,11:1,11:1,3030-70
1565,3040,40,16:1,11:1,3040-40
1566,3040,50,11:1,11:1,3040-50
1567,3040,53,11:1,11:1,3040-53
1568,3040,60,8:1,11:1,3040-60
1569,3040,65,10:1,11:1,3040-65
1570,3040,75,10:1,11:1,3040-75
1571,3040,80,12:1,11:1,3040-80
1572,3160,50,12:1,12:1,3160-50
1573,3160,53,12:1,12:1,3160-53
1574,3160,55,11:1,12:1,3160-55
1575,3160,57,13:1,12:1,3160-57
1576,3160,59,11:1,12:1,3160-59
1577,3160,60,9:1,12:1,3160-60
1578,3160,80,10:1,12:1,3160-80
1579,3160,90,10:1,12:1,3160-90
1580,3160,95,12:1,12:1,3160-95
1581,3160,110,10:1,12:1,3160-110
1582,3160,120,11:1,12:1,3160-120
1583,3160,130,10:1,12:1,3160-130
1584,3160,140,8:1,12:1,3160-140
1585,3160,143,10:1,12:1,3160-143
1586,3160,145,13:1,12:1,3160-145
1587,3160,150,9:1,12:1,3160-150
1588,3160,160,11:1,12:1,3160-160
1589,3200,40,10:1,11:1,3200-40
1590,3200,60,8:1,11:1,3200-60
1591,3200,80,15:1,11:1,3200-80
1592,3250,50,9:1,9:1,3250-50
1593,3255,50,9:1,1:1,3255-50
1594,3255,90,9:1,1:1,3255-90
1595,3260,3,5:1,10:1,3260-3
1596,3260,4,11:1,10:1,3260-4
1597,3260,10,12:1,10:1,3260-10
1598,3260,20,10:1,10:1,3260-20
1599,3260,25,12:1,10:1,3260-25
1600,3260,28,14:1,10:1,3260-28
1601,3260,40,9:1,10:1,3260-40
1602,3260,50,6:1,10:1,3260-50
1603,3260,301,10:1,10:1,3260-301
1604,3270,50,11:1,10:1,3270-50
1605,3500,60,8:1,8:1,3500-60
1606,3510,50,12:1,10:1,3510-50
1607,3510,55,8:1,10:1,3510-55
1608,3510,59,11:1,10:1,3510-59
1609,3510,61,10:1,10:1,3510-61
1610,3510,63,10:1,10:1,3510-63
1611,3510,80,9:1,10:1,3510-80
1612,3510,90,9:1,10:1,3510-90
1613,3510,100,11:1,10:1,3510-100
1614,3810,30,10:1,10:1,3810-30
1615,3810,40,9:1,10:1,3810-40
1616,3810,60,9:1,10:1,3810-60
1617,3810,70,9:1,10:1,3810-70
1618,3810,80,9:1,10:1,3810-80
1619,3830,30,13:1,10:1,3830-30
1620,3830,50,8:1,10:1,3830-50
1621,4360,60,12:1,13:1,4360-60
1622,4360,75,11:1,13:1,4360-75
1623,4365,50,10:1,10:1,4365-50
1624,4520,50,7:1,7:1,4520-50
1625,4570,40,10:1,11:1,4570-40
1626,4570,50,13:1,11:1,4570-50
1627,4580,50,11:1,11:1,4580-50
1628,4690,50,7:1,7:1,4690-50
1629,4760,50,11:1,11:1,4760-50
1630,4770,50,10:1,10:1,4770-50
1631,4980,50,7:1,7:1,4980-50
1632,4990,50,10:1,10:1,4990-50
1633,5185,30,9:1,10:1,5185-30
1634,5185,50,11:1,10:1,5185-50
1635,5185,70,10:1,10:1,5185-70
1636,5230,50,10:1,10:1,5230-50
1637,5310,50,13:1,11:1,5310-50
1638,5310,60,9:1,11:1,5310-60
1639,5310,70,10:1,11:1,5310-70
1640,5420,50,9:1,9:1,5420-50
1641,5420,60,9:1,9:1,5420-60
1642,5420,70,10:1,9:1,5420-70
1643,5420,75,8:1,9:1,5420-75
1644,5420,77,10:1,9:1,5420-77
1645,5420,78,17:1,9:1,5420-78
1646,5420,80,7:1,9:1,5420-80
1647,5640,50,7:1,9:1,5640-50
1648,5640,80,9:1,9:1,5640-80
1649,450,20,11:1,11:1,450-20
1650,450,30,11:1,11:1,450-30
1651,450,40,11:1,11:1,450-40
1652,460,60,11:1,11:1,460-60
1653,630,20,11:1,11:1,630-20
1654,630,25,10:1,11:1,630-25
1655,630,30,10:1,11:1,630-30
1656,785,10,11:1,12:1,785-10
1657,785,30,12:1,12:1,785-30
1658,785,50,13:1,12:1,785-50
1659,785,60,14:1,12:1,785-60
1660,785,70,13:1,12:1,785-70
1661,785,80,11:1,12:1,785-80
1662,820,20,10:1,9:1,820-20
1663,820,30,9:1,9:1,820-30
1664,820,40,11:1,9:1,820-40
1665,1090,50,12:1,10:1,1090-50
1666,1090,70,10:1,10:1,1090-70
1667,1090,80,10:1,10:1,1090-80
1668,1110,40,12:1,15:1,1110-40
1669,1110,50,13:1,15:1,1110-50
1670,1110,60,12:1,15:1,1110-60
1671,1110,65,14:1,15:1,1110-65
1672,1110,70,14:1,15:1,1110-70
1673,1190,30,8:1,9:1,1190-30
1674,1190,35,9:1,9:1,1190-35
1675,1190,50,8:1,9:1,1190-50
1676,1530,15,12:1,11:1,1530-15
1677,1530,20,10:1,11:1,1530-20
1678,1530,30,9:1,11:1,1530-30
1679,1990,50,10:1,11:1,1990-50
1680,1990,70,9:1,11:1,1990-70
1681,2000,25,11:1,11:1,2000-25
1682,2000,40,10:1,11:1,2000-40
1683,2000,50,11:1,11:1,2000-50
1684,2000,60,9:1,11:1,2000-60
1685,2010,50,8:1,8:1,2010-50
1686,2380,20,11:1,11:1,2380-20
1687,2380,28,11:1,11:1,2380-28
1688,2380,33,12:1,11:1,2380-33
1689,2380,40,13:1,11:1,2380-40
1690,2380,45,11:1,11:1,2380-45
1691,2380,50,15:1,11:1,2380-50
1692,2380,70,11:1,11:1,2380-70
1693,2460,50,11:1,10:1,2460-50
1694,2460,60,9:1,10:1,2460-60
1695,2460,65,10:1,10:1,2460-65
1696,2460,70,12:1,10:1,2460-70
1697,2650,35,11:1,11:1,2650-35
1698,2650,40,11:1,11:1,2650-40
1699,2870,50,13:1,12:1,2870-50
1700,2870,60,10:1,12:1,2870-60
1701,2870,80,11:1,12:1,2870-80
1702,2870,100,13:1,12:1,2870-100
1703,2870,110,11:1,12:1,2870-110
1704,3090,50,10:1,10:1,3090-50
1705,3090,60,9:1,10:1,3090-60
1706,3100,50,9:1,9:1,3100-50
1707,3100,60,9:1,9:1,3100-60
1708,3240,30,11:1,11:1,3240-30
1709,3340,10,10:1,9:1,3340-10
1710,3340,25,9:1,9:1,3340-25
1711,3340,30,9:1,9:1,3340-30
1712,3340,50,10:1,9:1,3340-50
1713,3340,55,9:1,9:1,3340-55
1714,3340,65,8:1,9:1,3340-65
1715,3340,70,9:1,9:1,3340-70
1716,3364,80,4:1,2:1,3364-80
1717,3364,85,3:1,2:1,3364-85
1718,3365,10,3:1,15:1,3365-10
1719,3365,20,3:1,15:1,3365-20
1720,3365,50,12:1,15:1,3365-50
1721,3365,300,12:1,15:1,3365-300
1722,3365,301,12:1,15:1,3365-301
1723,3370,50,10:1,11:1,3370-50
1724,3370,60,11:1,11:1,3370-60
1725,3380,20,9:1,9:1,3380-20
1726,3380,30,9:1,9:1,3380-30
1727,3385,50,13:1,11:1,3385-50
1728,3385,60,10:1,11:1,3385-60
1729,3385,65,10:1,11:1,3385-65
1730,3385,75,11:1,11:1,3385-75
1731,3385,85,12:1,11:1,3385-85
1732,3385,90,12:1,11:1,3385-90
1733,3385,100,11:1,11:1,3385-100
1734,3385,105,11:1,11:1,3385-105
1735,3385,110,10:1,11:1,3385-110
1736,3385,115,11:1,11:1,3385-115
1737,3410,45,7:1,9:1,3410-45
1738,3410,50,9:1,9:1,3410-50
1739,3450,10,13:1,13:1,3450-10
1740,3450,40,11:1,13:1,3450-40
1741,3450,50,14:1,13:1,3450-50
1742,3450,60,13:1,13:1,3450-60
1743,3450,65,13:1,13:1,3450-65
1744,3450,70,14:1,13:1,3450-70
1745,3460,50,11:1,10:1,3460-50
1746,3460,60,10:1,10:1,3460-60
1747,3460,70,4:1,10:1,3460-70
1748,3460,80,11:1,10:1,3460-80
1749,3520,60,13:1,13:1,3520-60
1750,3950,50,9:1,11:1,3950-50
1751,3950,53,10:1,11:1,3950-53
1752,3950,55,10:1,11:1,3950-55
1753,3950,60,10:1,11:1,3950-60
1754,3950,62,9:1,11:1,3950-62
1755,3950,64,11:1,11:1,3950-64
1756,3950,65,12:1,11:1,3950-65
1757,3950,70,11:1,11:1,3950-70
1758,3950,80,9:1,11:1,3950-80
1759,3950,90,12:1,11:1,3950-90
1760,3950,100,12:1,11:1,3950-100
1761,3950,103,11:1,11:1,3950-103
1762,3950,107,9:1,11:1,3950-107
1763,3950,120,9:1,11:1,3950-120
1764,4000,30,9:1,10:1,4000-30
1765,4000,50,14:1,10:1,4000-50
1766,4000,60,10:1,10:1,4000-60
1767,4080,50,10:1,12:1,4080-50
1768,4080,55,12:1,12:1,4080-55
1769,4080,60,13:1,12:1,4080-60
1770,4080,80,10:1,12:1,4080-80
1771,4080,100,11:1,12:1,4080-100
1772,4330,50,11:1,11:1,4330-50
1773,4330,57,12:1,11:1,4330-57
1774,4330,65,8:1,11:1,4330-65
1775,4330,70,12:1,11:1,4330-70
1776,4330,75,11:1,11:1,4330-75
1777,4330,80,11:1,11:1,4330-80
1778,4440,50,10:1,10:1,4440-50
1779,4480,50,14:1,11:1,4480-50
1780,4480,60,9:1,11:1,4480-60
1781,4490,10,12:1,10:1,4490-10
1782,4490,15,11:1,10:1,4490-15
1783,4490,19,10:1,10:1,4490-19
1784,4490,25,11:1,10:1,4490-25
1785,4490,30,9:1,10:1,4490-30
1786,4490,80,11:1,10:1,4490-80
1787,4560,50,11:1,11:1,4560-50
1788,4560,55,10:1,11:1,4560-55
1789,4560,60,11:1,11:1,4560-60
1790,4560,65,11:1,11:1,4560-65
1791,4560,67,10:1,11:1,4560-67
1792,4560,80,11:1,11:1,4560-80
1793,4560,85,9:1,11:1,4560-85
1794,5520,30,11:1,10:1,5520-30
1795,5520,35,9:1,10:1,5520-35
1796,5520,40,11:1,10:1,5520-40
1797,5520,50,10:1,10:1,5520-50
1798,5660,30,12:1,13:1,5660-30
1799,5660,50,12:1,13:1,5660-50
1800,5770,30,8:1,10:1,5770-30
1801,5770,40,10:1,10:1,5770-40
1802,185,10,12:1,11:1,185-10
1803,185,15,14:1,11:1,185-15
1804,185,30,12:1,11:1,185-30
1805,185,50,11:1,11:1,185-50
1806,185,70,14:1,11:1,185-70
1807,185,80,8:1,11:1,185-80
1808,210,20,7:1,7:1,210-20
1809,230,20,7:1,7:1,230-20
1810,320,20,11:1,12:1,320-20
1811,320,25,13:1,12:1,320-25
1812,320,30,14:1,12:1,320-30
1813,320,40,12:1,12:1,320-40
1814,530,20,11:1,11:1,530-20
1815,530,25,11:1,11:1,530-25
1816,530,27,11:1,11:1,530-27
1817,530,30,10:1,11:1,530-30
1818,530,35,11:1,11:1,530-35
1819,530,40,10:1,11:1,530-40
1820,530,43,11:1,11:1,530-43
1821,530,45,11:1,11:1,530-45
1822,530,60,11:1,11:1,530-60
1823,530,70,10:1,11:1,530-70
1824,530,80,11:1,11:1,530-80
1825,530,90,11:1,11:1,530-90
1826,770,30,13:1,14:1,770-30
1827,770,50,14:1,14:1,770-50
1828,1150,20,8:1,8:1,1150-20
1829,2350,50,8:1,8:1,2350-50
1830,2360,20,13:1,12:1,2360-20
1831,2360,25,11:1,12:1,2360-25
1832,2360,30,11:1,12:1,2360-30
1833,2360,35,13:1,12:1,2360-35
1834,2360,40,10:1,12:1,2360-40
1835,2360,44,11:1,12:1,2360-44
1836,2360,46,10:1,12:1,2360-46
1837,2360,48,12:1,12:1,2360-48
1838,2360,50,12:1,12:1,2360-50
1839,2360,55,13:1,12:1,2360-55
1840,2480,20,11:1,11:1,2480-20
1841,2480,40,11:1,11:1,2480-40
1842,2480,50,11:1,11:1,2480-50
1843,2480,53,13:1,11:1,2480-53
1844,2480,55,12:1,11:1,2480-55
1845,2480,60,10:1,11:1,2480-60
1846,2500,50,10:1,10:1,2500-50
1847,2520,50,9:1,11:1,2520-50
1848,2520,70,11:1,11:1,2520-70
1849,2520,80,6:1,11:1,2520-80
1850,2520,83,14:1,11:1,2520-83
1851,2520,84,11:1,11:1,2520-84
1852,2520,90,9:1,11:1,2520-90
1853,2520,300,9:1,11:1,2520-300
1854,2520,301,9:1,11:1,2520-301
1855,2550,50,7:1,7:1,2550-50
1856,2690,30,11:1,11:1,2690-30
1857,2690,50,11:1,11:1,2690-50
1858,2690,300,11:1,11:1,2690-300
1859,2760,20,6:1,7:1,2760-20
1860,2760,50,6:1,7:1,2760-50
1861,2940,8,4:1,10:1,2940-8
1862,2940,40,11:1,10:1,2940-40
1863,2940,43,11:1,10:1,2940-43
1864,2940,45,11:1,10:1,2940-45
1865,2940,50,9:1,10:1,2940-50
1866,2940,60,10:1,10:1,2940-60
1867,3790,10,12:1,12:1,3790-10
1868,3790,20,21:1,12:1,3790-20
1869,3790,30,7:1,12:1,3790-30
1870,3790,40,14:1,12:1,3790-40
1871,3790,45,14:1,12:1,3790-45
1872,3790,55,36:1,12:1,3790-55
1873,3800,50,8:1,8:1,3800-50
1874,3820,30,8:1,10:1,3820-30
1875,3820,50,10:1,10:1,3820-50
1876,4105,50,10:1,10:1,4105-50
1877,4105,60,9:1,10:1,4105-60
1878,4190,10,10:1,10:1,4190-10
1879,4190,40,7:1,10:1,4190-40
1880,4190,50,9:1,10:1,4190-50
1881,4190,80,9:1,10:1,4190-80
1882,4210,30,11:1,11:1,4210-30
1883,4210,50,11:1,11:1,4210-50
1884,4210,55,13:1,11:1,4210-55
1885,4210,60,11:1,11:1,4210-60
1886,4220,50,9:1,10:1,4220-50
1887,4220,60,10:1,10:1,4220-60
1888,4710,50,9:1,9:1,4710-50
1889,4950,50,13:1,13:1,4950-50
1890,4950,60,13:1,13:1,4950-60
1891,5020,50,11:1,12:1,5020-50
1892,5020,60,12:1,12:1,5020-60
1893,5020,65,13:1,12:1,5020-65
1894,5020,70,11:1,12:1,5020-70
1895,5020,75,13:1,12:1,5020-75
1896,5190,30,12:1,13:1,5190-30
1897,5190,40,13:1,13:1,5190-40
1898,5190,50,12:1,13:1,5190-50
1899,5190,60,15:1,13:1,5190-60
1900,5190,61,12:1,13:1,5190-61
1901,5190,63,13:1,13:1,5190-63
1902,5190,64,12:1,13:1,5190-64
1903,5190,65,18:1,13:1,5190-65
1904,5190,67,13:1,13:1,5190-67
1905,5190,70,11:1,13:1,5190-70
1906,5190,75,14:1,13:1,5190-75
1907,5190,80,13:1,13:1,5190-80
1908,5190,90,13:1,13:1,5190-90
1909,5190,95,13:1,13:1,5190-95
1910,5190,100,11:1,13:1,5190-100
1911,5190,107,12:1,13:1,5190-107
1912,5190,110,16:1,13:1,5190-110
1913,5190,120,13:1,13:1,5190-120
1914,5220,50,9:1,9:1,5220-50
1915,420,20,8:1,11:1,420-20
1916,420,30,9:1,11:1,420-30
1917,420,50,11:1,11:1,420-50
1918,900,30,14:1,13:1,900-30
1919,900,35,11:1,13:1,900-35
1920,900,70,12:1,13:1,900-70
1921,900,80,15:1,13:1,900-80
1922,900,90,13:1,13:1,900-90
1923,900,100,15:1,13:1,900-100
1924,900,110,11:1,13:1,900-110
1925,900,120,14:1,13:1,900-120
1926,900,140,14:1,13:1,900-140
1927,900,150,14:1,13:1,900-150
1928,900,160,12:1,13:1,900-160
1929,900,170,12:1,13:1,900-170
1930,900,180,13:1,13:1,900-180
1931,900,190,12:1,13:1,900-190
1932,900,200,13:1,13:1,900-200
1933,900,210,13:1,13:1,900-210
1934,900,230,12:1,13:1,900-230
1935,1920,15,10:1,10:1,1920-15
1936,2100,50,12:1,11:1,2100-50
1937,2100,70,10:1,11:1,2100-70
1938,2100,80,11:1,11:1,2100-80
1939,2100,90,10:1,11:1,2100-90
1940,2100,100,9:1,11:1,2100-100
1941,2510,50,10:1,10:1,2510-50
1942,2700,50,9:1,10:1,2700-50
1943,2700,60,12:1,10:1,2700-60
1944,2700,70,9:1,10:1,2700-70
1945,3640,50,9:1,11:1,3640-50
1946,3640,60,12:1,11:1,3640-60
1947,3970,50,15:1,14:1,3970-50
1948,3970,80,13:1,14:1,3970-80
1949,3970,85,15:1,14:1,3970-85
1950,3970,90,13:1,14:1,3970-90
1951,3970,95,14:1,14:1,3970-95
1952,3970,97,12:1,14:1,3970-97
1953,3970,100,14:1,14:1,3970-100
1954,3970,110,15:1,14:1,3970-110
1955,3970,120,14:1,14:1,3970-120
1956,3970,125,15:1,14:1,3970-125
1957,3970,130,16:1,14:1,3970-130
1958,3970,140,14:1,14:1,3970-140
1959,3970,170,10:1,14:1,3970-170
1960,3970,180,12:1,14:1,3970-180
1961,3970,200,12:1,14:1,3970-200
1962,3970,300,16:1,14:1,3970-300
1963,3975,90,4:1,1:1,3975-90
1964,3975,100,3:1,1:1,3975-100
1965,3980,10,14:1,14:1,3980-10
1966,3990,50,12:1,12:1,3990-50
1967,3995,50,11:1,11:1,3995-50
1968,4010,1,13:1,14:1,4010-1
1969,4010,2,13:1,14:1,4010-2
1970,4010,3,12:1,14:1,4010-3
1971,4010,4,9:1,14:1,4010-4
1972,4010,5,10:1,14:1,4010-5
1973,4010,6,5:1,14:1,4010-6
1974,4010,20,8:1,14:1,4010-20
1975,4010,25,10:1,14:1,4010-25
1976,4010,35,9:1,14:1,4010-35
1977,4010,43,14:1,14:1,4010-43
1978,4010,45,13:1,14:1,4010-45
1979,4010,47,13:1,14:1,4010-47
1980,4010,50,11:1,14:1,4010-50
1981,4010,60,12:1,14:1,4010-60
1982,4010,61,10:1,14:1,4010-61
1983,4010,70,13:1,14:1,4010-70
1984,4010,80,12:1,14:1,4010-80
1985,4010,90,14:1,14:1,4010-90
1986,4010,100,14:1,14:1,4010-100
1987,4010,110,10:1,14:1,4010-110
1988,4010,120,13:1,14:1,4010-120
1989,4010,130,12:1,14:1,4010-130
1990,4010,140,15:1,14:1,4010-140
1991,4010,150,30:1,14:1,4010-150
1992,4010,160,14:1,14:1,4010-160
1993,4010,170,16:1,14:1,4010-170
1994,4010,180,14:1,14:1,4010-180
1995,4010,190,12:1,14:1,4010-190
1996,4010,220,16:1,14:1,4010-220
1997,4010,230,15:1,14:1,4010-230
1998,4010,240,12:1,14:1,4010-240
1999,4010,250,15:1,14:1,4010-250
2000,4010,270,14:1,14:1,4010-270
2001,4010,280,14:1,14:1,4010-280
2002,4010,290,13:1,14:1,4010-290
2003,4010,300,15:1,14:1,4010-300
2004,4010,301,15:1,14:1,4010-301
2005,4010,303,9:1,14:1,4010-303
2006,4010,304,15:1,14:1,4010-304
2007,4010,305,13:1,14:1,4010-305
2008,4010,306,12:1,14:1,4010-306
2009,4010,307,10:1,14:1,4010-307
2010,4010,308,10:1,14:1,4010-308
2011,4010,309,14:1,14:1,4010-309
2012,4010,310,13:1,14:1,4010-310
2013,4010,311,15:1,14:1,4010-311
2014,4010,312,12:1,14:1,4010-312
2015,4010,313,15:1,14:1,4010-313
2016,4010,315,16:1,14:1,4010-315
2017,4010,316,9:1,14:1,4010-316
2018,4010,325,10:1,14:1,4010-325
2019,4230,50,11:1,11:1,4230-50
2020,4230,55,11:1,11:1,4230-55
2021,4230,60,10:1,11:1,4230-60
2022,4230,70,12:1,11:1,4230-70
2023,4270,10,14:1,14:1,4270-10
2024,4400,50,9:1,11:1,4400-50
2025,4400,53,11:1,11:1,4400-53
2026,4400,55,10:1,11:1,4400-55
2027,4400,60,9:1,11:1,4400-60
2028,5200,50,12:1,13:1,5200-50
2029,5200,60,13:1,13:1,5200-60
2030,5440,50,9:1,10:1,5440-50
2031,5440,70,11:1,10:1,5440-70
2032,5570,50,11:1,12:1,5570-50
2033,5570,55,11:1,12:1,5570-55
2034,5570,65,10:1,12:1,5570-65
2035,5570,78,13:1,12:1,5570-78
2036,5570,83,9:1,12:1,5570-83
2037,5570,85,14:1,12:1,5570-85
2038,5570,87,12:1,12:1,5570-87
2039,5570,90,15:1,12:1,5570-90
2040,5570,110,13:1,12:1,5570-110
2041,5570,120,11:1,12:1,5570-120
2042,5570,135,12:1,12:1,5570-135
2043,5570,140,11:1,12:1,5570-140
2044,5570,145,11:1,12:1,5570-145
2045,5570,150,13:1,12:1,5570-150
2046,5650,40,10:1,11:1,5650-40
2047,5650,42,9:1,11:1,5650-42
2048,5650,55,9:1,11:1,5650-55
2049,5650,60,10:1,11:1,5650-60
2050,5650,70,9:1,11:1,5650-70
2051,5650,80,10:1,11:1,5650-80
2052,5650,90,12:1,11:1,5650-90
2053,5650,100,10:1,11:1,5650-100
2054,5690,60,11:1,12:1,5690-60
2055,5690,65,13:1,12:1,5690-65
2056,5690,70,12:1,12:1,5690-70
2057,60,20,12:1,12:1,60-20
2058,1350,50,7:1,7:1,1350-50
2059,2800,50,8:1,8:1,2800-50
2060,2950,50,9:1,9:1,2950-50
2061,3860,10,11:1,11:1,3860-10
2062,4070,50,10:1,12:1,4070-50
2063,4070,80,13:1,12:1,4070-80
2064,4070,90,13:1,12:1,4070-90
2065,4070,100,15:1,12:1,4070-100
2066,4070,105,11:1,12:1,4070-105
2067,4075,50,9:1,10:1,4075-50
2068,4075,55,10:1,10:1,4075-55
2069,4075,60,10:1,10:1,4075-60
2070,4075,78,11:1,10:1,4075-78
2071,4075,90,15:1,10:1,4075-90
2072,4150,40,11:1,12:1,4150-40
2073,4150,50,13:1,12:1,4150-50
2074,4150,60,12:1,12:1,4150-60
2075,4150,70,11:1,12:1,4150-70
2076,4150,80,11:1,12:1,4150-80
2077,4280,50,11:1,11:1,4280-50
2078,4630,50,7:1,10:1,4630-50
2079,4630,70,14:1,10:1,4630-70
2080,4630,90,10:1,10:1,4630-90
2081,4635,9,4:1,6:1,4635-9
2082,4635,50,3:1,6:1,4635-50
2083,4635,300,7:1,6:1,4635-300
2084,4635,301,9:1,6:1,4635-301
2085,4640,40,16:1,16:1,4640-40
2086,5320,70,16:1,10:1,5320-70
2087,5910,50,10:1,11:1,5910-50
2088,5910,60,9:1,11:1,5910-60
2089,5910,70,10:1,11:1,5910-70
2090,5910,300,10:1,11:1,5910-300
2091,240,20,9:1,9:1,240-20
2092,350,50,12:1,11:1,350-50
2093,350,55,10:1,11:1,350-55
2094,350,60,11:1,11:1,350-60
2095,350,70,10:1,11:1,350-70
2096,350,80,15:1,11:1,350-80
2097,350,100,10:1,11:1,350-100
2098,490,20,12:1,12:1,490-20
2099,490,36,11:1,12:1,490-36
2100,490,301,11:1,12:1,490-301
2101,490,302,14:1,12:1,490-302
2102,490,303,12:1,12:1,490-303
2103,510,20,8:1,9:1,510-20
2104,510,60,9:1,9:1,510-60
2105,510,90,10:1,9:1,510-90
2106,555,5,12:1,11:1,555-5
2107,555,10,11:1,11:1,555-10
2108,555,30,9:1,11:1,555-30
2109,555,40,10:1,11:1,555-40
2110,555,45,10:1,11:1,555-45
2111,555,48,11:1,11:1,555-48
2112,555,63,12:1,11:1,555-63
2113,555,65,11:1,11:1,555-65
2114,555,67,9:1,11:1,555-67
2115,555,85,10:1,11:1,555-85
2116,555,105,10:1,11:1,555-105
2117,1610,50,12:1,10:1,1610-50
2118,1610,55,9:1,10:1,1610-55
2119,1610,70,11:1,10:1,1610-70
2120,1610,80,10:1,10:1,1610-80
2121,1610,100,9:1,10:1,1610-100
2122,1610,115,10:1,10:1,1610-115
2123,1610,140,8:1,10:1,1610-140
2124,1610,150,9:1,10:1,1610-150
2125,1610,160,8:1,10:1,1610-160
2126,1810,30,10:1,10:1,1810-30
2127,1810,50,11:1,10:1,1810-50
2128,2170,30,12:1,11:1,2170-30
2129,2170,33,12:1,11:1,2170-33
2130,2170,34,10:1,11:1,2170-34
2131,2170,35,11:1,11:1,2170-35
2132,2170,40,12:1,11:1,2170-40
2133,2170,60,12:1,11:1,2170-60
2134,2170,70,9:1,11:1,2170-70
2135,2170,80,8:1,11:1,2170-80
2136,2170,85,11:1,11:1,2170-85
2137,3000,50,13:1,14:1,3000-50
2138,3000,65,12:1,14:1,3000-65
2139,3000,80,10:1,14:1,3000-80
2140,3000,90,13:1,14:1,3000-90
2141,3320,30,13:1,12:1,3320-30
2142,3320,45,9:1,12:1,3320-45
2143,3320,70,10:1,12:1,3320-70
2144,3320,80,13:1,12:1,3320-80
2145,3320,105,10:1,12:1,3320-105
2146,3670,50,10:1,11:1,3670-50
2147,3670,60,11:1,11:1,3670-60
2148,3670,80,10:1,11:1,3670-80
2149,3670,90,13:1,11:1,3670-90
2150,3670,110,10:1,11:1,3670-110
2151,3670,300,13:1,11:1,3670-300
2152,4805,50,5:1,5:1,4805-50
2153,4805,60,4:1,5:1,4805-60
2154,4805,300,2:1,5:1,4805-300
2155,4810,70,8:1,8:1,4810-70
2156,4815,20,13:1,12:1,4815-20
2157,4815,30,11:1,12:1,4815-30
2158,4815,40,13:1,12:1,4815-40
2159,4820,50,12:1,12:1,4820-50
2160,4820,55,10:1,12:1,4820-55
2161,4820,90,11:1,12:1,4820-90
2162,4850,60,12:1,12:1,4850-60
2163,5470,30,8:1,9:1,5470-30
2164,5470,33,9:1,9:1,5470-33
2165,5470,35,8:1,9:1,5470-35
2166,5470,40,9:1,9:1,5470-40
2167,5470,50,8:1,9:1,5470-50
2168,5540,40,12:1,12:1,5540-40
2169,5540,50,12:1,12:1,5540-50
2170,5550,50,13:1,13:1,5550-50
2171,90,10,11:1,10:1,90-10
2172,90,40,16:1,10:1,90-40
2173,640,10,10:1,10:1,640-10
2174,640,30,10:1,10:1,640-30
2175,1560,50,9:1,9:1,1560-50
2176,1570,60,9:1,9:1,1570-60
2177,1630,50,8:1,8:1,1630-50
2178,1800,60,10:1,10:1,1800-60
2179,1930,60,8:1,8:1,1930-60
2180,1980,50,8:1,8:1,1980-50
2181,2030,30,11:1,10:1,2030-30
2182,2030,50,9:1,10:1,2030-50
2183,2165,30,11:1,11:1,2165-30
2184,2240,30,9:1,10:1,2240-30
2185,2240,35,10:1,10:1,2240-35
2186,2240,40,10:1,10:1,2240-40
2187,2240,50,10:1,10:1,2240-50
2188,2240,70,10:1,10:1,2240-70
2189,2465,50,10:1,10:1,2465-50
2190,2490,50,8:1,8:1,2490-50
2191,2615,50,11:1,11:1,2615-50
2192,3300,50,9:1,9:1,3300-50
2193,3590,50,11:1,11:1,3590-50
2194,3590,60,10:1,11:1,3590-60
2195,3590,70,11:1,11:1,3590-70
2196,3840,50,9:1,9:1,3840-50
2197,4650,50,7:1,7:1,4650-50
2198,4960,50,11:1,12:1,4960-50
2199,4960,57,10:1,12:1,4960-57
2200,4960,60,12:1,12:1,4960-60
2201,4960,70,14:1,12:1,4960-70
2202,4960,300,10:1,12:1,4960-300
2203,5030,50,10:1,10:1,5030-50
2204,5040,50,8:1,8:1,5040-50
2205,5100,20,10:1,9:1,5100-20
2206,5100,60,9:1,9:1,5100-60
2207,5100,70,9:1,9:1,5100-70
2208,5105,50,5:1,4:1,5105-50
2209,5110,10,12:1,12:1,5110-10
2210,5360,20,10:1,11:1,5360-20
2211,5360,23,11:1,11:1,5360-23
2212,5360,25,10:1,11:1,5360-25
2213,5360,30,11:1,11:1,5360-30
2214,5360,40,11:1,11:1,5360-40
2215,5360,50,16:1,11:1,5360-50
2216,5435,60,10:1,10:1,5435-60
2217,310,5,11:1,11:1,310-5
2218,310,20,11:1,11:1,310-20
2219,310,30,11:1,11:1,310-30
2220,310,35,14:1,11:1,310-35
2221,310,40,9:1,11:1,310-40
2222,310,50,8:1,11:1,310-50
2223,850,5,10:1,13:1,850-5
2224,850,30,15:1,13:1,850-30
2225,850,35,12:1,13:1,850-35
2226,850,40,14:1,13:1,850-40
2227,850,300,14:1,13:1,850-300
2228,980,30,12:1,11:1,980-30
2229,980,33,9:1,11:1,980-33
2230,980,37,11:1,11:1,980-37
2231,980,40,12:1,11:1,980-40
2232,980,50,11:1,11:1,980-50
2233,980,80,10:1,11:1,980-80
2234,980,110,13:1,11:1,980-110
2235,1320,25,16:1,13:1,1320-25
2236,1320,30,14:1,13:1,1320-30
2237,1320,35,14:1,13:1,1320-35
2238,1320,90,13:1,13:1,1320-90
2239,1320,100,12:1,13:1,1320-100
2240,1320,110,15:1,13:1,1320-110
2241,1320,120,13:1,13:1,1320-120
2242,1320,150,13:1,13:1,1320-150
2243,1320,160,12:1,13:1,1320-160
2244,1320,170,13:1,13:1,1320-170
2245,1320,180,15:1,13:1,1320-180
2246,1320,190,13:1,13:1,1320-190
2247,1320,210,13:1,13:1,1320-210
2248,1320,220,12:1,13:1,1320-220
2249,1320,230,10:1,13:1,1320-230
2250,1320,240,12:1,13:1,1320-240
2251,1320,250,18:1,13:1,1320-250
2252,1320,260,12:1,13:1,1320-260
2253,1320,280,13:1,13:1,1320-280
2254,1320,290,11:1,13:1,1320-290
2255,1320,295,13:1,13:1,1320-295
2256,1320,300,11:1,13:1,1320-300
2257,1320,301,14:1,13:1,1320-301
2258,1320,302,14:1,13:1,1320-302
2259,1320,303,17:1,13:1,1320-303
2260,1320,305,15:1,13:1,1320-305
2261,1320,310,14:1,13:1,1320-310
2262,1320,315,13:1,13:1,1320-315
2263,1320,350,14:1,13:1,1320-350
2264,1320,355,13:1,13:1,1320-355
2265,1320,360,13:1,13:1,1320-360
2266,1320,401,12:1,13:1,1320-401
2267,1320,402,13:1,13:1,1320-402
2268,1320,403,12:1,13:1,1320-403
2269,1320,404,13:1,13:1,1320-404
2270,1320,405,16:1,13:1,1320-405
2271,1710,50,11:1,11:1,1710-50
2272,2190,50,10:1,11:1,2190-50
2273,2190,60,12:1,11:1,2190-60
2274,2190,80,13:1,11:1,2190-80
2275,2190,85,11:1,11:1,2190-85
2276,2190,90,11:1,11:1,2190-90
2277,2190,110,13:1,11:1,2190-110
2278,2420,10,11:1,11:1,2420-10
2279,2420,50,11:1,11:1,2420-50
2280,2660,50,12:1,11:1,2660-50
2281,2660,60,12:1,11:1,2660-60
2282,2660,70,11:1,11:1,2660-70
2283,2660,80,13:1,11:1,2660-80
2284,2660,90,11:1,11:1,2660-90
2285,2660,115,14:1,11:1,2660-115
2286,2660,120,12:1,11:1,2660-120
2287,2660,130,13:1,11:1,2660-130
2288,2660,150,12:1,11:1,2660-150
2289,2660,160,13:1,11:1,2660-160
2290,2660,170,12:1,11:1,2660-170
2291,3395,50,5:1,4:1,3395-50
2292,3395,80,4:1,4:1,3395-80
2293,3470,30,10:1,11:1,3470-30
2294,3470,60,12:1,11:1,3470-60
2295,3560,50,10:1,12:1,3560-50
2296,3560,55,13:1,12:1,3560-55
2297,3560,80,10:1,12:1,3560-80
2298,3560,90,13:1,12:1,3560-90
2299,4160,50,13:1,15:1,4160-50
2300,4160,51,15:1,15:1,4160-51
2301,4160,52,10:1,15:1,4160-52
2302,4160,60,17:1,15:1,4160-60
2303,4160,70,12:1,15:1,4160-70
2304,4160,80,14:1,15:1,4160-80
2305,4160,100,14:1,15:1,4160-100
2306,4160,110,12:1,15:1,4160-110
2307,4160,120,10:1,15:1,4160-120
2308,4160,130,13:1,15:1,4160-130
2309,4160,140,14:1,15:1,4160-140
2310,4160,150,12:1,15:1,4160-150
2311,4160,170,14:1,15:1,4160-170
2312,4160,180,13:1,15:1,4160-180
2313,4160,190,12:1,15:1,4160-190
2314,4290,50,10:1,12:1,4290-50
2315,4290,60,11:1,12:1,4290-60
2316,4290,80,13:1,12:1,4290-80
2317,4290,90,13:1,12:1,4290-90
2318,4290,110,14:1,12:1,4290-110
2319,4290,120,12:1,12:1,4290-120
2320,4540,10,12:1,13:1,4540-10
2321,4540,20,17:1,13:1,4540-20
2322,4540,30,13:1,13:1,4540-30
2323,4540,40,15:1,13:1,4540-40
2324,4540,50,14:1,13:1,4540-50
2325,4540,60,10:1,13:1,4540-60
2326,4540,120,17:1,13:1,4540-120
2327,4540,300,15:1,13:1,4540-300
2328,4550,50,11:1,11:1,4550-50
2329,4550,60,12:1,11:1,4550-60
2330,4550,80,8:1,11:1,4550-80
2331,4550,85,12:1,11:1,4550-85
2332,4550,90,14:1,11:1,4550-90
2333,4670,50,13:1,12:1,4670-50
2334,4670,60,11:1,12:1,4670-60
2335,4670,65,11:1,12:1,4670-65
2336,4670,70,11:1,12:1,4670-70
2337,4670,80,11:1,12:1,4670-80
2338,4670,85,13:1,12:1,4670-85
2339,4670,90,10:1,12:1,4670-90
2340,4670,105,12:1,12:1,4670-105
2341,5000,10,12:1,13:1,5000-10
2342,5000,50,18:1,13:1,5000-50
2343,5000,60,11:1,13:1,5000-60
2344,5000,70,14:1,13:1,5000-70
2345,5000,90,11:1,13:1,5000-90
2346,5090,50,11:1,11:1,5090-50
2347,5090,60,11:1,11:1,5090-60
2348,5090,70,11:1,11:1,5090-70
2349,5090,80,12:1,11:1,5090-80
2350,5090,90,8:1,11:1,5090-90
2351,5090,100,11:1,11:1,5090-100
2352,5090,120,12:1,11:1,5090-120
2353,5090,150,12:1,11:1,5090-150
2354,5090,160,11:1,11:1,5090-160
2355,5245,10,4:1,4:1,5245-10
2356,5245,20,8:1,4:1,5245-20
2357,5245,25,8:1,4:1,5245-25
2358,5245,30,6:1,4:1,5245-30
2359,5245,50,4:1,4:1,5245-50
2360,5245,300,9:1,4:1,5245-300
2361,5260,20,16:1,13:1,5260-20
2362,5260,30,15:1,13:1,5260-30
2363,5260,35,9:1,13:1,5260-35
2364,5260,40,16:1,13:1,5260-40
2365,5260,50,13:1,13:1,5260-50
2366,5260,300,5:1,13:1,5260-300
2367,5260,301,10:1,13:1,5260-301
2368,5290,50,12:1,11:1,5290-50
2369,5290,60,11:1,11:1,5290-60
2370,5290,70,10:1,11:1,5290-70
2371,5290,80,11:1,11:1,5290-80
2372,5290,83,10:1,11:1,5290-83
2373,5290,85,11:1,11:1,5290-85
2374,5290,90,10:1,11:1,5290-90
2375,5290,100,11:1,11:1,5290-100
2376,5290,130,14:1,11:1,5290-130
2377,5290,140,13:1,11:1,5290-140
2378,5730,50,12:1,12:1,5730-50
2379,5730,60,13:1,12:1,5730-60
2380,5730,70,11:1,12:1,5730-70
2381,5730,100,12:1,12:1,5730-100
2382,5730,120,12:1,12:1,5730-120
2383,5730,140,10:1,12:1,5730-140
2384,5730,145,11:1,12:1,5730-145
2385,5730,150,11:1,12:1,5730-150
2386,5730,160,11:1,12:1,5730-160
2387,5730,170,16:1,12:1,5730-170
2388,5810,60,7:1,7:1,5810-60
2389,30,10,14:1,13:1,30-10
2390,30,20,15:1,13:1,30-20
2391,70,10,10:1,10:1,70-10
2392,280,20,10:1,10:1,280-20
2393,280,30,8:1,10:1,280-30
2394,280,50,7:1,10:1,280-50
2395,400,30,10:1,10:1,400-30
2396,1620,50,8:1,8:1,1620-50
2397,1670,50,10:1,10:1,1670-50
2398,1785,40,8:1,9:1,1785-40
2399,1785,50,10:1,9:1,1785-50
2400,1785,60,8:1,9:1,1785-60
2401,1840,40,9:1,11:1,1840-40
2402,1840,70,15:1,11:1,1840-70
2403,1870,50,12:1,12:1,1870-50
2404,1870,60,12:1,12:1,1870-60
2405,1870,70,14:1,12:1,1870-70
2406,1870,90,10:1,12:1,1870-90
2407,2040,30,9:1,9:1,2040-30
2408,2250,50,8:1,8:1,2250-50
2409,2470,40,8:1,8:1,2470-40
2410,2790,50,14:1,14:1,2790-50
2411,2790,60,12:1,14:1,2790-60
2412,2970,50,10:1,10:1,2970-50
2413,3675,50,10:1,10:1,3675-50
2414,3890,50,8:1,8:1,3890-50
2415,4100,50,13:1,12:1,4100-50
2416,4100,70,10:1,12:1,4100-70
2417,4100,105,10:1,12:1,4100-105
2418,4100,110,12:1,12:1,4100-110
2419,4100,150,9:1,12:1,4100-150
2420,4200,40,11:1,11:1,4200-40
2421,5450,50,1:1,1:1,5450-50
2422,5460,50,11:1,11:1,5460-50
2423,5465,50,12:1,12:1,5465-50
2424,5465,60,11:1,12:1,5465-60
2425,5480,55,10:1,10:1,5480-55
2426,5480,60,7:1,10:1,5480-60
2427,5530,40,10:1,10:1,5530-40
2428,5530,50,9:1,10:1,5530-50
2429,5780,50,7:1,7:1,5780-50
2430,6010,910,10:1,10:1,6010-910
2431,6013,900,14:1,14:1,6013-900
2432,6017,932,14:1,14:1,6017-932
2433,6018,900,12:1,12:1,6018-900
2434,6020,985,11:1,11:1,6020-985
2435,6021,905,11:1,11:1,6021-905
2436,6022,990,14:1,14:1,6022-990
2437,6025,907,13:1,13:1,6025-907
2438,6026,908,10:1,10:1,6026-908
2439,6028,910,12:1,12:1,6028-910
2440,6029,911,17:1,17:1,6029-911
2441,6030,912,11:1,11:1,6030-912
2442,6032,901,12:1,12:1,6032-901
2443,6033,902,11:1,11:1,6033-902
2444,6036,921,15:1,15:1,6036-921
2445,6041,916,12:1,12:1,6041-916
2446,6053,917,17:1,17:1,6053-917
2447,6057,938,15:1,15:1,6057-938
2448,6058,939,12:1,12:1,6058-939
2449,6060,942,16:1,16:1,6060-942
2450,6064,946,14:1,14:1,6064-946
2451,6067,949,10:1,10:1,6067-949
2452,6068,951,13:1,13:1,6068-951
2453,6069,952,9:1,9:1,6069-952
2454,6076,961,13:1,13:1,6076-961
2455,6079,964,16:1,16:1,6079-964
2456,6080,966,15:1,15:1,6080-966
2457,6081,967,17:1,17:1,6081-967
2458,6082,963,16:1,16:1,6082-963
2459,6086,972,7:1,7:1,6086-972
2460,6089,976,13:1,13:1,6089-976
2461,6093,981,13:1,13:1,6093-981
2462,6094,968,11:1,11:1,6094-968
2463,6096,982,16:1,16:1,6096-982
2464,6099,986,9:1,9:1,6099-986
2465,6100,991,7:1,7:1,6100-991
2466,6101,992,14:1,14:1,6101-992
2467,6102,993,9:1,9:1,6102-993
2468,6103,994,15:1,15:1,6103-994
2469,6104,995,14:1,14:1,6104-995
2470,6105,996,16:1,16:1,6105-996
2471,6106,997,10:1,10:1,6106-997
2472,6107,998,11:1,11:1,6107-998
2473,6109,953,32:1,32:1,6109-953
2474,6110,902,12:1,12:1,6110-902
2475,6182,913,16:1,16:1,6182-913
2476,6183,914,15:1,15:1,6183-914
2477,6184,947,18:1,18:1,6184-947
2478,6230,915,9:1,9:1,6230-915
2479,6232,920,8:1,8:1,6232-920
2480,6240,900,8:1,8:1,6240-900
2481,6320,920,8:1,8:1,6320-920
2482,6410,920,14:1,14:1,6410-920
2483,6420,925,11:1,11:1,6420-925
2484,6430,930,11:1,11:1,6430-930
2485,6635,930,13:1,11:1,6635-930
2486,6665,930,18:1,18:1,6665-930
2487,6720,930,18:1,10:1,6720-930
2488,6740,950,9:1,9:1,6740-950
2489,6810,940,9:1,9:1,6810-940
2490,6910,940,16:1,16:1,6910-940
2491,6915,950,13:1,13:1,6915-950
2492,7100,936,13:1,13:1,7100-936
2493,7109,931,15:1,15:1,7109-931
2494,7115,960,13:1,13:1,7115-960
2495,7210,940,11:1,11:1,7210-940
2496,7290,957,13:1,13:1,7290-957
2497,7320,960,17:1,17:1,7320-960
2498,7325,965,20:1,20:1,7325-965
2499,7410,940,9:1,9:1,7410-940
2500,7500,900,13:1,13:1,7500-900
2501,7503,970,13:1,13:1,7503-970
2502,7540,930,10:1,10:1,7540-930
2503,7600,960,12:1,12:1,7600-960
2504,7720,915,7:1,7:1,7720-915
2505,7727,900,8:1,8:1,7727-900
2506,7730,970,15:1,15:1,7730-970
2507,7735,975,10:1,10:1,7735-975
2508,7830,980,18:1,18:1,7830-980
2509,7850,960,10:1,10:1,7850-960
2510,7890,920,12:1,12:1,7890-920
2511,7891,904,13:1,13:1,7891-904
2512,7892,909,15:1,15:1,7892-909
2513,7893,918,15:1,15:1,7893-918
2514,8010,980,19:1,19:1,8010-980
2515,8050,990,10:1,10:1,8050-990
2516,8060,990,10:1,10:1,8060-990
2517,8065,980,13:1,13:1,8065-980
2518,8140,990,10:1,10:1,8140-990
